BEGIN TRANSACTION;
DROP TABLE IF EXISTS "Person";
CREATE TABLE IF NOT EXISTS "Person" (
	"Id"	TEXT NOT NULL,
	"FirstName"	TEXT,
	"LastName"	TEXT,
	"Tel"	TEXT,
	"Email"	TEXT,
	"IsRef"	INTEGER NOT NULL,
	CONSTRAINT "PK_Person" PRIMARY KEY("Id")
);
DROP TABLE IF EXISTS "Pitch";
CREATE TABLE IF NOT EXISTS "Pitch" (
	"Id"	TEXT NOT NULL,
	"Name"	TEXT,
	"DisplayOrder"	INTEGER NOT NULL,
	CONSTRAINT "PK_Pitch" PRIMARY KEY("Id")
);
DROP TABLE IF EXISTS "Team";
CREATE TABLE IF NOT EXISTS "Team" (
	"Id"	TEXT NOT NULL,
	"Name"	TEXT NOT NULL,
	"AgeGroup"	INTEGER NOT NULL,
	"Gender"	INTEGER NOT NULL,
	"League"	INTEGER NOT NULL,
	"Division"	INTEGER NOT NULL,
	"FullTimeTeamId"	TEXT,
	"FullTimeLeagueId"	TEXT,
	"RefRequired"	INTEGER NOT NULL,
	CONSTRAINT "PK_Team" PRIMARY KEY("Id")
);
DROP TABLE IF EXISTS "Fixture";
CREATE TABLE IF NOT EXISTS "Fixture" (
	"Id"	TEXT NOT NULL,
	"TeamId"	TEXT NOT NULL,
	"Date"	TEXT NOT NULL,
	"IsHome"	INTEGER NOT NULL,
	"Opponent"	TEXT,
	"FixtureType"	INTEGER NOT NULL,
	CONSTRAINT "FK_Fixture_Team_TeamId" FOREIGN KEY("TeamId") REFERENCES "Team"("Id") ON DELETE CASCADE,
	CONSTRAINT "PK_Fixture" PRIMARY KEY("Id")
);
DROP TABLE IF EXISTS "TeamContact";
CREATE TABLE IF NOT EXISTS "TeamContact" (
	"Id"	TEXT NOT NULL,
	"PersonId"	TEXT NOT NULL,
	"TeamId"	TEXT NOT NULL,
	"ContactType"	INTEGER NOT NULL,
	CONSTRAINT "FK_TeamContact_Team_TeamId" FOREIGN KEY("TeamId") REFERENCES "Team"("Id") ON DELETE CASCADE,
	CONSTRAINT "FK_TeamContact_Person_PersonId" FOREIGN KEY("PersonId") REFERENCES "Person"("Id") ON DELETE CASCADE,
	CONSTRAINT "PK_TeamContact" PRIMARY KEY("Id")
);
DROP TABLE IF EXISTS "Booking";
CREATE TABLE IF NOT EXISTS "Booking" (
	"Id"	TEXT NOT NULL,
	"Title"	TEXT,
	"Start"	TEXT NOT NULL,
	"End"	TEXT NOT NULL,
	"PitchId"	TEXT NOT NULL,
	"IsRecurring"	INTEGER NOT NULL,
	CONSTRAINT "PK_Booking" PRIMARY KEY("Id")
);
DROP TABLE IF EXISTS "FixtureAlloctation";
CREATE TABLE IF NOT EXISTS "FixtureAlloctation" (
	"Id"	TEXT NOT NULL,
	"FixtureId"	TEXT NOT NULL,
	"PitchId"	TEXT,
	"RefereeId"	TEXT,
	"Start"	TEXT NOT NULL,
	"Duration"	TEXT NOT NULL,
	"IsConfirmed"	INTEGER,
	CONSTRAINT "FK_FixtureAlloctation_Fixture_FixtureId" FOREIGN KEY("FixtureId") REFERENCES "Fixture"("Id") ON DELETE CASCADE,
	CONSTRAINT "FK_FixtureAlloctation_Pitch_PitchId" FOREIGN KEY("PitchId") REFERENCES "Pitch"("Id") ON DELETE RESTRICT,
	CONSTRAINT "FK_FixtureAlloctation_Person_RefereeId" FOREIGN KEY("RefereeId") REFERENCES "Person"("Id") ON DELETE RESTRICT,
	CONSTRAINT "PK_FixtureAlloctation" PRIMARY KEY("Id")
);
INSERT INTO "Person" VALUES ('EC030CD6-36EE-4CB6-A4A6-83187838DFA6','Euan','Macfarlane','07595 001778','euan2@mac.com',0);
INSERT INTO "Person" VALUES ('410A9C8A-60C6-4A3B-896D-A9D7658AE1AC','Gregor','Black','07879 843660','gregor.black@fisglobal.com',0);
INSERT INTO "Person" VALUES ('BF813D01-76E9-4B88-9FE4-E1AE79DD61E9','Matt','Costar','07771 373283','matthewcostar@hotmail.com',0);
INSERT INTO "Person" VALUES ('D7C48712-098E-4A1E-B973-8160531B23AC','Joel','Barrie','07947 301434','jmbarrie69@hotmail.com',0);
INSERT INTO "Person" VALUES ('52153D86-CB8A-4144-8134-327D489068C5','Ian','Pearce','07527 511633','yellowportly@gmail.com',0);
INSERT INTO "Person" VALUES ('95A1FA88-1AE5-4DE6-9B3F-7EAA4E799AFD','Jim','Sutcliffe','07811 374436','j.sutcliffe@live.co.uk',0);
INSERT INTO "Person" VALUES ('03EA5691-773B-48CA-8F52-AFE49A172B61','Gavin','Harris','07793 837345','g.harris@sms-environmental.co.uk',0);
INSERT INTO "Person" VALUES ('70389CDD-874F-46BD-846B-DB211C58CB61','Julian','Dyer','07841 724445','julian.dyer@qscconsultancy.com',0);
INSERT INTO "Person" VALUES ('63692D64-2542-4DE4-BA93-F6EB8335C108','Laurence','Price','07901 716051','laurence.price@hmv.co.uk',0);
INSERT INTO "Person" VALUES ('C693B7CD-4D72-48B5-8E18-258623506B98','Robin','Mackenzie','','robinmackenzie13@gmail.com',0);
INSERT INTO "Person" VALUES ('095B11C5-2621-45A9-8BB2-D059E4136487','Martin','Pacetti','07730 697485','martinpacetti@me.com',0);
INSERT INTO "Person" VALUES ('0D17D6F6-AA2A-4C74-8D2D-A273D8B228C4','Sam','Elliot','07845 580287','samianelliot@hotmail.co.uk',0);
INSERT INTO "Person" VALUES ('7E75BEA4-B92F-4C9B-983E-64343B0F101F','Howard','McNicholas','07710 561320','howard.mcnicholas@fcrs.co.uk',0);
INSERT INTO "Person" VALUES ('8F09CAD0-EC71-4E36-AE8E-8E2EDF835F29','Rob','Woodcock','07792 906529','rob.woodcock@oxpipe.co.uk',0);
INSERT INTO "Person" VALUES ('3D140E6A-DD75-4CC6-BECE-D1F5987D75F7','Neill','Whitworth','07740 739349','neill.whitworth@telefonica.com',0);
INSERT INTO "Person" VALUES ('28A7E8C4-97E5-4844-B57B-EF618D416BDF','Ashley','Pearce','07425 173189','ash.pearce@hotmail.co.uk',0);
INSERT INTO "Person" VALUES ('7C647683-C185-45B0-BA46-24CA34A48A63','Steve','Simmons','07732 891652','simmo_83@hotmail.co.uk',0);
INSERT INTO "Person" VALUES ('48DB45C1-FFD3-4318-AEEC-E639C98DC2EE','Edward','Wright','07842 113256','edward.wright@tadano.com',0);
INSERT INTO "Person" VALUES ('34421344-754F-416B-AD4F-835BBCA066C5','Rod','Bousfield','07768 014100','rodbousfield@hotmail.com',0);
INSERT INTO "Person" VALUES ('479B6D43-D100-444E-A2E4-FD8192D7B407','David','Collinson','07980 210923','davidc@oaktaverns.co.uk',0);
INSERT INTO "Person" VALUES ('711D0B30-F7C1-49A1-851A-34A44B02FE12','David','Leitch','07989 621143','dave.leitch@hotmail.com',0);
INSERT INTO "Person" VALUES ('3CB4A619-9F72-4028-B2A3-21F61234FB59','Matt','Russell','07539 111330','mattruss52@gmail.com',0);
INSERT INTO "Person" VALUES ('26A941FA-C6D9-4B1D-B200-DB969FCCE55B','Richard','Jones','07775 942622','rvjones1976@gmail.com',0);
INSERT INTO "Person" VALUES ('26B6B6BC-E62E-482E-AB62-EA2F563F7589','Ben','Ward','07590 446162','benjamin.j.ward@gmail.com',0);
INSERT INTO "Person" VALUES ('6D37E842-DCF9-41EE-A9DD-88AA489135C3','Richard','Carr','07786 115089','rjcarr5@btinternet.com',1);
INSERT INTO "Person" VALUES ('9853F000-A14E-4348-BE47-CD5DF1DF5775','Ross','Neild','07967 454244','Riddyan@gmail.com',0);
INSERT INTO "Person" VALUES ('0C2CD26F-C833-454F-B47C-B50A665FAC8A','Daniel','Moreland',NULL,'morelanddr@yahoo.co.uk',0);
INSERT INTO "Person" VALUES ('2796AE6C-404C-43A0-BFC7-15DEAEC9383D','Ian','Firth',NULL,'ianfirth67@gmail.com',0);
INSERT INTO "Person" VALUES ('6ABBC374-1078-4801-9518-5F6C0ECBBF31','Tony','Boardman',NULL,'tony@slpuk.com',0);
INSERT INTO "Person" VALUES ('7E098453-2197-4E04-BF39-D3E8E15FA7C3','Ant','Jones',NULL,'antjones55@googlemail.com',0);
INSERT INTO "Person" VALUES ('D3A0DD78-A0B1-4538-85D9-C43E3447056D','Andy','Pilgrim',NULL,'ando.17@live.co.uk',0);
INSERT INTO "Person" VALUES ('8E3E9C5A-AA5B-4DAD-AA85-DD8B20303946','Lee','Evans',NULL,NULL,0);
INSERT INTO "Person" VALUES ('41B33242-E28D-4496-9302-2880251E9662','Dan','Williams','07968 071093','sunshineconcleaners@hotmail.com',0);
INSERT INTO "Person" VALUES ('86539CAB-A864-40CB-A933-F357E454E2E3','Craig','Faulconbridge',NULL,'thamefootballdevelopment@gmail.com',0);
INSERT INTO "Person" VALUES ('A2237E66-E57E-46EE-B4AA-6127DA36019E','Reshma','Begum',NULL,'reshbegum@yahoo.co.uk',0);
INSERT INTO "Person" VALUES ('95E80C64-89AF-4AA3-9ABF-68A78040EAA6','Darren','Riva',NULL,'darrenriva1@gmail.com',0);
INSERT INTO "Person" VALUES ('786681C1-DC35-4897-B830-CD74EBC6DCA1','Paul','Braybrook',NULL,'pbraybrook@defaqto.com',0);
INSERT INTO "Person" VALUES ('88A06893-100D-46FC-83EB-23C115E8C72B','Paul','Huntley',NULL,'phuntley@live.com',0);
INSERT INTO "Person" VALUES ('CFD61CEF-5D09-4E8A-BF64-95464384419C','Nando','Perra',NULL,'nandoandrewperna@gmail.com',0);
INSERT INTO "Person" VALUES ('503A0811-7A71-4A57-B8D8-FD7F9F062CA2','Stuart','Higgs',NULL,'higgo28@gmail.com',0);
INSERT INTO "Person" VALUES ('D4BFECF1-BB8F-456D-B4BC-74776E85315D','Kevin','Schleising',NULL,'kevin.schleising@outlook.com ',0);
INSERT INTO "Person" VALUES ('5CA86A9A-D28B-48E7-BF8B-E040C38D9F97','Admin',NULL,NULL,'admin@thamefootball.co.uk',1);
INSERT INTO "Person" VALUES ('97A56BD6-9016-4CAB-818A-1A1AE2DA58C2','Nick','Butcher',NULL,'nickbutcher09@gmail.com',0);
INSERT INTO "Person" VALUES ('706660A5-DE18-4126-83EC-6A5F789ACC24','Danny','Williams',NULL,'danny.williams@vaccitech.co.uk',1);
INSERT INTO "Person" VALUES ('2BE62419-4A4C-46E7-95A4-A128FA6E40C9','Tim','Field',NULL,'tim@optimumifa.com',0);
INSERT INTO "Person" VALUES ('1B6F9375-A8A5-4A90-8BDB-5240113D5F18','Tracey','Winfield',NULL,'traceywinfield7@gmail.com',0);
INSERT INTO "Person" VALUES ('028BC331-5CDD-44DE-BCE9-FD12868ED9C6','Stuart','Gibson',NULL,'Sjfgibson@hotmail.co.uk',0);
INSERT INTO "Person" VALUES ('379F10C0-802F-41D1-B58E-1C5328C4FAC7','Kate','Bourlakis',NULL,'kate.bourlakis@googlemail.com',0);
INSERT INTO "Person" VALUES ('49E904C7-4EC5-4547-A763-F637628F179E','Daniel','Weller',NULL,'daniel.weller@new.ox.ac.uk',0);
INSERT INTO "Person" VALUES ('5A476573-523C-40AE-92A2-186ED66D5350','Ryan','Comely',NULL,'ryan.comley2@outlook.com',0);
INSERT INTO "Person" VALUES ('A05DE5B1-B3FF-4122-BDFC-CA882E45E869','Sam','Shepherd',NULL,'sgshep17@gmail.com',0);
INSERT INTO "Person" VALUES ('70E39035-5AB0-4355-A5EB-5C06FD50DAA3','Sandra','Roche',NULL,'sandra.roche@csm.com',0);
INSERT INTO "Person" VALUES ('E81680F6-0B95-4DD5-AC2C-96B9B61EC966','Stuart','Corbould',NULL,'stuartcorbould@gmail.com',0);
INSERT INTO "Person" VALUES ('2AF5CDD8-E15A-4790-92DC-A934417D01D4','Chris','Hanks',NULL,'chris_hanks23@hotmail.com',0);
INSERT INTO "Person" VALUES ('DB1AB3FD-A781-48BC-92F9-0A24004CC8D8','Aaron','Long',NULL,'ajlong82@googlemail.com',0);
INSERT INTO "Person" VALUES ('1300744E-1FF8-4867-A797-F3FC0ED7DB0E','David','Rogers',NULL,'d.rogers29@btinternet.com',0);
INSERT INTO "Person" VALUES ('078F3F68-E640-4072-A54E-D667EF47C88C','Lou','Hurst',NULL,'louhurst85@gmail.com',0);
INSERT INTO "Person" VALUES ('B11F6709-F813-4D35-822A-84554DACE763','Paul','Watson',NULL,'pwatson73@gmail.com',0);
INSERT INTO "Person" VALUES ('1B702AE7-39C1-4255-88AB-93D6E67E1F39','Shelly','Morgan',NULL,'shelleymorgan0504@gmail.com',0);
INSERT INTO "Person" VALUES ('9701AD13-ABD1-4301-880E-1B8BC110B3FE','Susanna','Fawcett',NULL,'susannafawcett@yahoo.co.uk',0);
INSERT INTO "Person" VALUES ('437EFF5C-0F7E-427F-8173-0CBDB503E664','Becca','Boulton',NULL,'beccacboulton@gmail.com',0);
INSERT INTO "Person" VALUES ('9FC0E278-2CE3-438E-80AF-C1D2219D0B77','Simon','Lazaruk',NULL,'simon.lazaruk@hamnetthayward.co.uk',0);
INSERT INTO "Person" VALUES ('A7C725BA-45A6-4895-B3C9-8BB5D5AF9448','Tom','Marianczak',NULL,'tom@marianczak.com',0);
INSERT INTO "Person" VALUES ('7C905F9A-3615-471D-AD22-26F6D0260C00','Kevin','Preece',NULL,'armyker89@hotmail.com',0);
INSERT INTO "Person" VALUES ('290B3869-DC42-4074-8569-44753F1DDE15','Andy','Durndell',NULL,'adurndell@hotmail.com',0);
INSERT INTO "Person" VALUES ('FC901C26-AB74-4026-98CE-D7BAA144F3B6','Jon','Darby',NULL,'jondarbygolf@me.com',0);
INSERT INTO "Person" VALUES ('CCC403DE-01E7-4D0E-9F73-AF554E8C0DFE','Chris','Penny',NULL,'chrispenny11@yahoo.co.uk',0);
INSERT INTO "Person" VALUES ('28B66F13-E5AC-4311-BFF6-CE1F484EE767','Kevin','Poole',NULL,'kevp10@sky.com',0);
INSERT INTO "Person" VALUES ('7002512D-DEBA-41FC-A2A6-5BB6DB6BA8F1','Nick','Skiller',NULL,'nckskiller10@gmail.com',0);
INSERT INTO "Person" VALUES ('D952DA16-3895-4F9A-B980-30230B83B5BC','Waheed','Rajah',NULL,'waheedrajah@me.com',0);
INSERT INTO "Person" VALUES ('D4387A05-4762-48F0-B15D-DE8EDBE51709','Robin','Butler',NULL,'robin_saville_butler@hotmail.com',0);
INSERT INTO "Person" VALUES ('FC4DB4C2-B293-47A2-B993-8E19398AF399','Laura','Hart',NULL,'loresdores@gmail.com',0);
INSERT INTO "Person" VALUES ('9A144C71-62A7-4B30-99E9-8A412E40C624','Dan','Wootten',NULL,'dan7wootten@gmail.com',0);
INSERT INTO "Person" VALUES ('CEA85D21-FE1F-4B94-8DCB-39104AA97126','Mani','Kang',NULL,'mani.s.kang@googlemail.com',0);
INSERT INTO "Pitch" VALUES ('B89084D2-1095-428C-BC52-885F2B207C1B','Meadow',6);
INSERT INTO "Pitch" VALUES ('FF4B08C8-DC9A-4F4A-9EC1-BADA343145B9','Small Astro',0);
INSERT INTO "Pitch" VALUES ('9E365BFE-DDC2-4296-83DF-B278A846207F','Large 3G',5);
INSERT INTO "Pitch" VALUES ('92C2DD82-38C9-4B1A-AACF-E9F207B9DD7A','Pitch 4',4);
INSERT INTO "Pitch" VALUES ('7CA8CB22-4B34-4C53-AEAE-D15ECEEECAA1','Pitch 3',3);
INSERT INTO "Pitch" VALUES ('8F55B18E-368E-4DAD-9A56-1DF8C2731702','Pitch 2',2);
INSERT INTO "Pitch" VALUES ('A37DBD57-1722-4F2A-91A3-AF141BB2029C','Stadium',1);
INSERT INTO "Team" VALUES ('F97347ED-729E-4D7C-B418-7A9731CFAEE2','Thame United Red',6,2,0,22,NULL,NULL,0);
INSERT INTO "Team" VALUES ('004115A0-B2D6-429D-9828-B56DC45A374C','Thame United Black',6,2,0,24,NULL,NULL,0);
INSERT INTO "Team" VALUES ('428CA1FE-551E-4142-BA2E-745E4F80B11A','Thame United Red',4,2,0,20,NULL,NULL,0);
INSERT INTO "Team" VALUES ('B2CD4657-C358-4EB6-AEED-26BEDC6E0778','Thame United Red',7,0,0,4,'509429177','935751602',0);
INSERT INTO "Team" VALUES ('D3A71B3D-9125-4A51-A0B8-B0455B6BC0E0','Thame United Dragons',8,0,2,7,'236940226','112375233',0);
INSERT INTO "Team" VALUES ('A379E3D4-96C7-4D20-A9DB-CDA0F6E38A91','Thame United Red',9,0,2,4,'330213220','887831438',0);
INSERT INTO "Team" VALUES ('2D1343B6-45C0-4F75-9F32-BEA7BD744EE9','Thame United ',13,0,4,1,'853480003','623675572',0);
INSERT INTO "Team" VALUES ('5DBF9209-8044-4A70-943F-6A464856B83B','Thame United Black',7,0,2,1,'893789012','425455786',0);
INSERT INTO "Team" VALUES ('2B1F4F82-5CF4-411E-B1CF-30F6F5D1BEAC','Thame United Red',8,0,2,2,'890630722','491788387',0);
INSERT INTO "Team" VALUES ('799DBF7F-8B38-4EF8-BFC8-1ED472E2E59B','Thame United Panthers ',8,0,2,5,'479205714','334486910',0);
INSERT INTO "Team" VALUES ('DADB6E11-0EFD-4E86-BAAD-4DC412194D2B','Thame United',11,0,2,2,'997221067','461516951',0);
INSERT INTO "Team" VALUES ('0B07153E-B62D-4B67-9238-63701372AD8B','Thame United',14,1,6,2,'469267210','158804954',0);
INSERT INTO "Team" VALUES ('92C2FB3C-0888-4878-A7EF-4F54C4EB358A','Thame United',10,0,2,4,'578232411','657612254',0);
INSERT INTO "Team" VALUES ('ACE4E54E-7D6D-4A87-A053-4E5108C5992F','Thame United Black - Delete',12,1,7,100,'840680755','545988735',0);
INSERT INTO "Team" VALUES ('6C1ABCE0-7732-44B3-BBB8-256F7B55BBAD','Thame United Black - Delete',8,1,7,100,'931926362','165066238',0);
INSERT INTO "Team" VALUES ('B2A9F265-7211-4BCC-ABA6-76D8C010DFDB','Thame United',12,0,2,2,'861050192','757917195',0);
INSERT INTO "Team" VALUES ('6D834FC0-8448-4E13-973D-A2A102211854','Thame United Red',12,0,2,3,'909287610','757917195',0);
INSERT INTO "Team" VALUES ('94C56E8A-6757-4B90-AC96-DCCD6D558019','Thame United Black - Delete',12,0,2,3,'511416687','744746963',0);
INSERT INTO "Team" VALUES ('E489CBA0-775E-43E9-B295-BDCF6F0DF14E','Thame United U21s',14,0,3,1,'557639613','584917134',0);
INSERT INTO "Team" VALUES ('E7FCC89B-1762-4B1A-A69B-90EC9CB50CFB','Thame United Black',5,2,0,25,NULL,NULL,0);
INSERT INTO "Team" VALUES ('150DEF5B-487A-4633-AD06-13BEA0509685','Thame United Red',5,2,0,24,NULL,NULL,0);
INSERT INTO "Team" VALUES ('56D82C7F-292C-4C19-8964-BE91760D76BD','Thame United Black',9,1,7,2,'687503990','687456243',0);
INSERT INTO "Team" VALUES ('0B4498B3-220D-4C06-BAFF-FA9F75FC3A8B','Thame United',10,1,7,2,'463201361','494078143',0);
INSERT INTO "Team" VALUES ('541C6A5B-5F6C-4D8B-BF8C-00AC6F454544','Thame United Stallions',8,0,2,8,'716053607','10793565',0);
INSERT INTO "Team" VALUES ('E003B8F0-3D73-4463-9DA3-87E44B401C06','Thame United',12,1,7,100,'439301434','755430471',0);
INSERT INTO "Team" VALUES ('19B3F37C-4530-4E37-9AAB-DB8638AEC354','Thame United Red',9,1,7,1,'290891578','490384678',0);
INSERT INTO "Team" VALUES ('A1B66023-8095-4CB2-A4F0-E77DDE36DEE6','Thame United Black',4,2,0,25,NULL,NULL,0);
INSERT INTO "Team" VALUES ('7C70B44C-BC41-4C06-9694-27A7239F8943','Thame United Black - Delete',9,0,2,7,'734706355','723088268',0);
INSERT INTO "Team" VALUES ('9F97C9B1-2FE6-4E57-A894-E011D6B4FF38','Thame United JPL',6,0,8,100,NULL,NULL,0);
INSERT INTO "Team" VALUES ('6CF188A0-C662-4470-A867-D5176C9B7DE7','Thame United',14,0,0,1,NULL,NULL,0);
INSERT INTO "Team" VALUES ('4DB0422C-CC0F-4A59-9AA9-7CAA983A75AB','Thame United A',14,0,9,2,'733961484','67896480',0);
INSERT INTO "Team" VALUES ('8F5E2280-B679-4F10-9F32-943EA49AFDED','Thame United B',14,0,10,81,'247474328','321414068',0);
INSERT INTO "Team" VALUES ('12B7A033-95D3-46A3-971A-906EDCAF068D','Thame United Reserves',14,0,11,1,'798562170','27933905',0);
INSERT INTO "Team" VALUES ('27DF8F4B-E01C-4FA1-97DA-0C989F223E2B','Thame United',7,1,7,100,'343309387','764495254',0);
INSERT INTO "Team" VALUES ('167C2559-B70B-4BC0-8CE9-74DC00A8E596','Thame United Veterans',14,0,9,1,'32724174','114527642',0);
INSERT INTO "Team" VALUES ('CCF1CF8E-4F42-4681-A758-032A3B6A192E','Thame United Red',3,2,0,22,NULL,NULL,0);
INSERT INTO "Team" VALUES ('FA34A4E9-B24B-4ED0-BD88-E6EA5B502F14','Thame United Black',3,2,0,20,NULL,NULL,0);
INSERT INTO "Team" VALUES ('3E8D4C98-5BE8-4023-8B3E-028D4A657E93','Thame United White',7,0,0,8,'326478755','121811280',0);
INSERT INTO "Team" VALUES ('C573DF6A-0519-46CE-A20A-F6FBABFBE9B1','Thame United Green',7,0,0,4,'496626132','935751602',0);
INSERT INTO "Team" VALUES ('15D98531-33F3-4C78-9664-A38905FC3932','Thame United',8,1,7,100,'931926362','458697873',0);
INSERT INTO "Team" VALUES ('8A18996C-0E4B-4409-97B8-74B7C32F5D13','Thame United Red Roses',6,1,7,100,'427150274','446373754',0);
INSERT INTO "Team" VALUES ('FECA2633-2333-41AD-81E4-6D8E21A514AB','Thame United',9,0,2,4,'149353041','887831438',0);
INSERT INTO "Team" VALUES ('30A946D7-4C2C-4057-8850-BB4E2066C080','Thame United Tigresses ',6,1,7,2,'896106501','525604567',0);
INSERT INTO "Team" VALUES ('95B9AB57-9F20-4665-B60B-52F9D8C038DB','Thame United C',14,0,10,2,'722576292','274109557',0);
INSERT INTO "Team" VALUES ('EE43B348-754E-4830-9016-9970088825E6','Thame United U18s - Delete',14,0,12,72,'634994460','672219095',0);
INSERT INTO "Team" VALUES ('0EB64112-79C9-42B3-BB09-D6E9080519D3','Thame United Black',2,2,0,23,NULL,NULL,0);
INSERT INTO "Team" VALUES ('3949BE6F-3528-4401-AC53-CB49FA5911E5','Thame United Blue',6,2,0,23,NULL,NULL,0);
INSERT INTO "Team" VALUES ('FE35BE03-CB6B-42B5-88F4-DD5FB2E7D868','Thame United JPL',7,0,8,1,NULL,NULL,0);
INSERT INTO "Team" VALUES ('5977FDF8-BDFA-4373-A883-A3BD40394D3D','Thame United',5,1,1,100,'56234387','881853073',0);
INSERT INTO "Team" VALUES ('634F38E0-0099-4AF3-A2BD-AAF8134CDC66','Thame United Black',1,2,0,70,NULL,NULL,0);
INSERT INTO "Team" VALUES ('42C70184-8D5A-495E-9506-CB871E41BC8C','Thame United Red',1,2,0,70,NULL,NULL,0);
INSERT INTO "Team" VALUES ('5FEB25B7-5536-49DE-A738-231B9FA3F3FD','Thame United Blue',1,2,0,70,NULL,NULL,0);
INSERT INTO "Team" VALUES ('97E8B73A-2359-45C2-9122-BDB052F71C37','Thame United Red',2,2,0,25,NULL,NULL,0);
INSERT INTO "Team" VALUES ('0B3B3E31-D6F5-4FAF-95B0-1202BC285C14','Thame United',4,1,7,100,'609132831','512010176',0);
INSERT INTO "Team" VALUES ('68009D1E-0EB7-4978-A8B8-A334EEF8E008','Thame United Blue',5,2,0,21,NULL,NULL,0);
INSERT INTO "Fixture" VALUES ('CF59F5AA-19CF-4AB3-B8A3-AA81CEF55D63','42C70184-8D5A-495E-9506-CB871E41BC8C','2024-09-08 00:00:00',1,'Thame United Black',1);
INSERT INTO "Fixture" VALUES ('30FDF511-B9F8-45E3-A6B3-C051A7059B8A','42C70184-8D5A-495E-9506-CB871E41BC8C','2024-09-15 00:00:00',0,'Thame United Blue',1);
INSERT INTO "Fixture" VALUES ('0F239F47-AD46-4E42-9D01-781A5E54A546','42C70184-8D5A-495E-9506-CB871E41BC8C','2024-09-22 00:00:00',0,'Wendover Junior',1);
INSERT INTO "Fixture" VALUES ('1F61ED79-740D-401B-B8B6-7117AACC0C53','42C70184-8D5A-495E-9506-CB871E41BC8C','2024-09-29 00:00:00',1,'Chinnor Youth Black',1);
INSERT INTO "Fixture" VALUES ('0A1F2FCB-552F-4D2E-8BA4-11A771219312','42C70184-8D5A-495E-9506-CB871E41BC8C','2024-10-06 00:00:00',0,'Aylesbury Utd Juniors',1);
INSERT INTO "Fixture" VALUES ('F7896CF9-CF54-417E-9073-5ED88F8BE38F','42C70184-8D5A-495E-9506-CB871E41BC8C','2024-10-13 00:00:00',1,'Aylesbury Vale Dynamos Colts',1);
INSERT INTO "Fixture" VALUES ('844E4448-D780-4BB3-9B96-B4A93EF2D825','42C70184-8D5A-495E-9506-CB871E41BC8C','2024-10-20 00:00:00',0,'Haddenham Youth',1);
INSERT INTO "Fixture" VALUES ('36B19589-D160-4724-AFF8-E4B88A45016E','42C70184-8D5A-495E-9506-CB871E41BC8C','2024-11-10 00:00:00',1,'Stoke Mandeville Stags Navy & Sky',1);
INSERT INTO "Fixture" VALUES ('9EE9D359-BD02-4187-940E-BE20A7C3B780','42C70184-8D5A-495E-9506-CB871E41BC8C','2024-11-17 00:00:00',0,'Stoke Mandeville Bucks Navy & Sky',1);
INSERT INTO "Fixture" VALUES ('E0F25253-3563-4CB4-BDA8-672F1E0CE9D0','42C70184-8D5A-495E-9506-CB871E41BC8C','2024-11-24 00:00:00',1,'Aylesbury Vale Dynamos Youth',1);
INSERT INTO "Fixture" VALUES ('C3E295B8-9B1D-4930-B7B1-5A23D2307AA8','42C70184-8D5A-495E-9506-CB871E41BC8C','2024-12-08 00:00:00',0,'Chinnor Youth Yellow',1);
INSERT INTO "Fixture" VALUES ('809795B2-9675-43F1-B609-E28CB57A2765','42C70184-8D5A-495E-9506-CB871E41BC8C','2024-12-15 00:00:00',1,'Pitstone & Ivinghoe Junior',1);
INSERT INTO "Fixture" VALUES ('342FF425-1D3E-4ACB-B3D8-E08A3B6AEC0C','5FEB25B7-5536-49DE-A738-231B9FA3F3FD','2024-09-08 00:00:00',0,'Tring Tornadoes Eagles/Sharks',1);
INSERT INTO "Fixture" VALUES ('4570BFD4-DF65-4342-A856-599F2E01D462','5FEB25B7-5536-49DE-A738-231B9FA3F3FD','2024-09-15 00:00:00',1,'Thame United Red',1);
INSERT INTO "Fixture" VALUES ('F24708B4-6861-4FDE-B698-25D17FCBB105','5FEB25B7-5536-49DE-A738-231B9FA3F3FD','2024-09-22 00:00:00',0,'Pitstone & Ivinghoe Junior',1);
INSERT INTO "Fixture" VALUES ('74874507-2AD4-4AA7-AF4C-648287022488','5FEB25B7-5536-49DE-A738-231B9FA3F3FD','2024-09-29 00:00:00',1,'Tring Tornadoes Lions/Tigers',1);
INSERT INTO "Fixture" VALUES ('06B84561-3225-44B1-AAEB-A048B5EE4E32','5FEB25B7-5536-49DE-A738-231B9FA3F3FD','2024-10-06 00:00:00',0,'Aylesbury Vale Dynamos',1);
INSERT INTO "Fixture" VALUES ('A39AF8A3-1409-4170-B0D0-B83884AA2029','5FEB25B7-5536-49DE-A738-231B9FA3F3FD','2024-10-13 00:00:00',1,'Crendon Corinthians Youth',1);
INSERT INTO "Fixture" VALUES ('374F0CBC-6FA4-4523-BF86-6A4C90918296','5FEB25B7-5536-49DE-A738-231B9FA3F3FD','2024-11-10 00:00:00',1,'Thame United Black',1);
INSERT INTO "Fixture" VALUES ('E3C023DB-6E9F-4F6F-A1D0-AFC89B00037B','5FEB25B7-5536-49DE-A738-231B9FA3F3FD','2024-11-17 00:00:00',0,'Chinnor Youth Yellow',1);
INSERT INTO "Fixture" VALUES ('D71B2642-52BA-447D-B16F-266625A6229A','5FEB25B7-5536-49DE-A738-231B9FA3F3FD','2024-11-24 00:00:00',0,'Wendover Junior',1);
INSERT INTO "Fixture" VALUES ('472A0C3D-825E-47BE-AE86-214C0C9687B0','5FEB25B7-5536-49DE-A738-231B9FA3F3FD','2024-12-08 00:00:00',0,'Aylesbury Utd Juniors',1);
INSERT INTO "Fixture" VALUES ('7F9C5589-2DC2-428A-BE29-CC1580ED5A3A','5FEB25B7-5536-49DE-A738-231B9FA3F3FD','2024-12-15 00:00:00',1,'Aylesbury Vale Dynamos Colts',1);
INSERT INTO "Fixture" VALUES ('581481FB-E916-402A-91E4-7688E5278AAF','634F38E0-0099-4AF3-A2BD-AAF8134CDC66','2024-09-08 00:00:00',0,'Thame United Red',1);
INSERT INTO "Fixture" VALUES ('19F911A6-11FC-4252-AA06-E2C05B344E71','634F38E0-0099-4AF3-A2BD-AAF8134CDC66','2024-09-15 00:00:00',1,'Pitstone & Ivinghoe Junior',1);
INSERT INTO "Fixture" VALUES ('9F36C819-C233-41F1-A661-7A3C0ACE0365','634F38E0-0099-4AF3-A2BD-AAF8134CDC66','2024-09-22 00:00:00',0,'Tring Tornadoes Lions/Tigers',1);
INSERT INTO "Fixture" VALUES ('2A88871C-4111-4326-B9BD-1C2FC7F6D847','634F38E0-0099-4AF3-A2BD-AAF8134CDC66','2024-09-29 00:00:00',1,'Aylesbury Vale Dynamos',1);
INSERT INTO "Fixture" VALUES ('0D18D23A-1606-4F0A-9F17-ACC6D961F0A2','634F38E0-0099-4AF3-A2BD-AAF8134CDC66','2024-10-06 00:00:00',0,'Crendon Corinthians Youth',1);
INSERT INTO "Fixture" VALUES ('75C3E34C-0D35-40EB-88EC-DC8D5939B8E5','634F38E0-0099-4AF3-A2BD-AAF8134CDC66','2024-10-20 00:00:00',0,'Chinnor Youth Yellow',1);
INSERT INTO "Fixture" VALUES ('73736002-2D9B-41F0-83BD-97497B2577FE','634F38E0-0099-4AF3-A2BD-AAF8134CDC66','2024-11-10 00:00:00',0,'Thame United Blue',1);
INSERT INTO "Fixture" VALUES ('DF9B9EF7-71D6-4955-B7DA-63E1D6A64C1F','634F38E0-0099-4AF3-A2BD-AAF8134CDC66','2024-11-17 00:00:00',1,'Wendover Junior',1);
INSERT INTO "Fixture" VALUES ('2B71DE28-8D7C-459A-A93E-513A27C34FEE','634F38E0-0099-4AF3-A2BD-AAF8134CDC66','2024-11-24 00:00:00',0,'Chinnor Youth Black',1);
INSERT INTO "Fixture" VALUES ('5FD008BA-5F54-47DA-AC69-69F860C37E86','634F38E0-0099-4AF3-A2BD-AAF8134CDC66','2024-12-08 00:00:00',0,'Aylesbury Vale Dynamos Colts',1);
INSERT INTO "Fixture" VALUES ('DA084A69-94E9-4473-95D4-6EBB504996D8','634F38E0-0099-4AF3-A2BD-AAF8134CDC66','2024-12-15 00:00:00',1,'Haddenham Youth',1);
INSERT INTO "Fixture" VALUES ('C7EB76EF-2959-4243-930F-491BE1E9FDB7','0EB64112-79C9-42B3-BB09-D6E9080519D3','2024-09-08 00:00:00',0,'Stoke Mandeville Stags Navy/Sky',1);
INSERT INTO "Fixture" VALUES ('D80A2610-EE88-4A37-80C2-7621F372031F','0EB64112-79C9-42B3-BB09-D6E9080519D3','2025-03-16 00:00:00',1,'Marlow Minors',1);
INSERT INTO "Fixture" VALUES ('B3B6C20C-DC5A-4FCE-BD4D-0DA9AEC4DEDF','0EB64112-79C9-42B3-BB09-D6E9080519D3','2025-03-09 00:00:00',0,'Stoke Mandeville Stags Navy/Sky',1);
INSERT INTO "Fixture" VALUES ('7EAFBF1C-7A31-41F2-A20A-15AC118C38BF','0EB64112-79C9-42B3-BB09-D6E9080519D3','2025-03-02 00:00:00',1,'Penn & Tyler Green Rangers',1);
INSERT INTO "Fixture" VALUES ('8DE9F418-6572-402D-A058-05E3402BEC66','0EB64112-79C9-42B3-BB09-D6E9080519D3','2025-02-09 00:00:00',0,'Marlow Minors',1);
INSERT INTO "Fixture" VALUES ('7CE8351A-EB37-415D-AFB2-25063A945344','0EB64112-79C9-42B3-BB09-D6E9080519D3','2025-02-02 00:00:00',1,'Chesham Athletic Lions',1);
INSERT INTO "Fixture" VALUES ('ED7A2E5A-9FF4-43BB-B5C3-AF4CD997E440','0EB64112-79C9-42B3-BB09-D6E9080519D3','2025-01-26 00:00:00',1,'Ruislip Rangers Blues',1);
INSERT INTO "Fixture" VALUES ('18FDDA9D-A741-48FC-8CF4-8C01D4DBF1CC','0EB64112-79C9-42B3-BB09-D6E9080519D3','2025-01-19 00:00:00',0,'Downley Dynamos Greens/Whites',1);
INSERT INTO "Fixture" VALUES ('D4DDD513-6D07-4427-9463-7C45C4C3038B','0EB64112-79C9-42B3-BB09-D6E9080519D3','2025-01-12 00:00:00',0,'Penn & Tyler Green Rangers',1);
INSERT INTO "Fixture" VALUES ('977DBE7E-6D1E-4514-9827-C82112C5B315','0EB64112-79C9-42B3-BB09-D6E9080519D3','2024-12-15 00:00:00',0,'Penn & Tyler Green Rangers',1);
INSERT INTO "Fixture" VALUES ('C8B0FD1B-59BA-41E4-BEBD-756EEABBEAF7','0EB64112-79C9-42B3-BB09-D6E9080519D3','2024-12-08 00:00:00',0,'Chinnor Youth',1);
INSERT INTO "Fixture" VALUES ('FA83F623-53B6-42E0-9547-645E263DC6F9','0EB64112-79C9-42B3-BB09-D6E9080519D3','2024-11-24 00:00:00',0,'Ruislip Rangers Blues',1);
INSERT INTO "Fixture" VALUES ('8CDCB89B-C4E2-465C-8C6D-C11C5273CB49','0EB64112-79C9-42B3-BB09-D6E9080519D3','2024-11-17 00:00:00',1,'Beaconsfield Town Blues',1);
INSERT INTO "Fixture" VALUES ('9AE649DD-C382-4073-8561-B9465C89011D','0EB64112-79C9-42B3-BB09-D6E9080519D3','2024-11-10 00:00:00',0,'Chesham Athletic Lions',1);
INSERT INTO "Fixture" VALUES ('5B9BEBA4-409A-4867-BE10-BC013921170E','0EB64112-79C9-42B3-BB09-D6E9080519D3','2024-10-20 00:00:00',1,'Stoke Mandeville Stags Navy/Sky',1);
INSERT INTO "Fixture" VALUES ('BC939B7D-17D5-416A-93B4-818B41444D6B','0EB64112-79C9-42B3-BB09-D6E9080519D3','2024-10-13 00:00:00',1,'Chinnor Youth',1);
INSERT INTO "Fixture" VALUES ('8D27AD7E-42C6-4AD9-82E4-DE116AD24550','0EB64112-79C9-42B3-BB09-D6E9080519D3','2024-10-06 00:00:00',1,'Downley Dynamos Greens/Whites',1);
INSERT INTO "Fixture" VALUES ('1B222D71-7820-4ACD-8DCB-7C196EDB16B2','0EB64112-79C9-42B3-BB09-D6E9080519D3','2024-09-29 00:00:00',0,'Beaconsfield Town Blues',1);
INSERT INTO "Fixture" VALUES ('86CE3DF0-4903-4EB6-828C-5BD4000AC7F8','0EB64112-79C9-42B3-BB09-D6E9080519D3','2024-09-22 00:00:00',1,'Marlow United Panthers',1);
INSERT INTO "Fixture" VALUES ('30F9D0A9-64A7-451E-BB19-BE0D6DA1F546','0EB64112-79C9-42B3-BB09-D6E9080519D3','2024-09-15 00:00:00',1,'Marlow Minors',1);
INSERT INTO "Fixture" VALUES ('2C4AD549-1538-4B99-8707-6D459A12D3EF','0EB64112-79C9-42B3-BB09-D6E9080519D3','2025-03-23 00:00:00',1,'Marlow United Panthers',1);
INSERT INTO "Fixture" VALUES ('DE42FFF3-B0E1-4850-8D5B-093A6F0698FC','0EB64112-79C9-42B3-BB09-D6E9080519D3','2025-03-30 00:00:00',0,'Beaconsfield Town Blues',1);
INSERT INTO "Fixture" VALUES ('BC793AD7-0C49-4111-BD07-3ACDC4EEB7DD','97E8B73A-2359-45C2-9122-BDB052F71C37','2024-09-08 00:00:00',0,'Stokenchurch',1);
INSERT INTO "Fixture" VALUES ('2DE44C58-075B-4228-B119-1966D63425E2','97E8B73A-2359-45C2-9122-BDB052F71C37','2025-03-16 00:00:00',1,'Stokenchurch',1);
INSERT INTO "Fixture" VALUES ('AD5EEE30-AA75-4562-BF19-41D4A1CE62AB','97E8B73A-2359-45C2-9122-BDB052F71C37','2025-03-09 00:00:00',1,'AW FC / Aylesbury United Colts',1);
INSERT INTO "Fixture" VALUES ('744BE7BC-9F02-4969-A077-0D6564E03FD4','97E8B73A-2359-45C2-9122-BDB052F71C37','2025-03-02 00:00:00',0,'Marlow United Lions',1);
INSERT INTO "Fixture" VALUES ('2930BA6C-4C87-47B0-836A-49E4C741BA65','97E8B73A-2359-45C2-9122-BDB052F71C37','2025-02-09 00:00:00',1,'Crendon Colts / Aylesbury Vale Colts',1);
INSERT INTO "Fixture" VALUES ('6CCB005F-97F5-413A-80E1-C85C3D44BC28','97E8B73A-2359-45C2-9122-BDB052F71C37','2025-02-02 00:00:00',0,'Henley Utd Stars / Radnage Raiders Stars',1);
INSERT INTO "Fixture" VALUES ('4BF154AA-8D25-4798-B88B-6D00C985B343','97E8B73A-2359-45C2-9122-BDB052F71C37','2025-01-26 00:00:00',1,'Ruislip Rangers Whites',1);
INSERT INTO "Fixture" VALUES ('8761F8C0-C6E0-43B5-8519-B8932EC1E03C','97E8B73A-2359-45C2-9122-BDB052F71C37','2025-01-19 00:00:00',1,'Holmer Green Raptors',1);
INSERT INTO "Fixture" VALUES ('45AE5679-CC49-4EC6-8F83-0BF261230BB4','97E8B73A-2359-45C2-9122-BDB052F71C37','2025-01-12 00:00:00',0,'AW FC / Aylesbury United Colts',1);
INSERT INTO "Fixture" VALUES ('312187C9-C02B-4450-82D3-9A9DF61A3158','97E8B73A-2359-45C2-9122-BDB052F71C37','2024-12-15 00:00:00',1,'Tring Tornadoes Eagles / Harriers',1);
INSERT INTO "Fixture" VALUES ('3B5D83C4-6968-42EC-AA28-E5F582B7C463','97E8B73A-2359-45C2-9122-BDB052F71C37','2024-12-08 00:00:00',1,'Marlow Royals',1);
INSERT INTO "Fixture" VALUES ('BB3C4939-4783-4447-B143-A4EF3EDCCFAE','97E8B73A-2359-45C2-9122-BDB052F71C37','2024-11-24 00:00:00',1,'Marlow United Lions',1);
INSERT INTO "Fixture" VALUES ('C1B01CD2-BC03-4D9F-BCDD-EF59A12AF90C','97E8B73A-2359-45C2-9122-BDB052F71C37','2024-11-17 00:00:00',0,'Hazelmere Youth Centre',1);
INSERT INTO "Fixture" VALUES ('1E6A6F0F-BE64-4AA4-9C61-28EC5F5E129C','97E8B73A-2359-45C2-9122-BDB052F71C37','2024-11-10 00:00:00',0,'Pitstone & Ivanghoe',1);
INSERT INTO "Fixture" VALUES ('52A93623-7D1A-4296-923B-2DAA148813A9','97E8B73A-2359-45C2-9122-BDB052F71C37','2024-10-20 00:00:00',0,'Marlow Royals',1);
INSERT INTO "Fixture" VALUES ('93AE98D6-9CEC-4CCC-A414-2EBDA2C8FC54','97E8B73A-2359-45C2-9122-BDB052F71C37','2024-10-13 00:00:00',0,'Tring Tornadoes Eagles / Harriers',1);
INSERT INTO "Fixture" VALUES ('6621DD07-3B04-4189-A2E8-8A21EE92DDA6','97E8B73A-2359-45C2-9122-BDB052F71C37','2024-10-06 00:00:00',0,'Ruislip Rangers Whites',1);
INSERT INTO "Fixture" VALUES ('1AF236E4-D471-4AFF-95A0-D1F27502661C','97E8B73A-2359-45C2-9122-BDB052F71C37','2024-09-29 00:00:00',0,'Holmer Green Raptors',1);
INSERT INTO "Fixture" VALUES ('CBAB8AA0-F937-4391-BE96-E17BEA55C05D','97E8B73A-2359-45C2-9122-BDB052F71C37','2024-09-22 00:00:00',1,'Henley Utd Stars / Radnage Raiders Stars',1);
INSERT INTO "Fixture" VALUES ('61B4A159-61ED-4E62-B0B7-41CE6C5E7BC3','97E8B73A-2359-45C2-9122-BDB052F71C37','2024-09-15 00:00:00',0,'Crendon Colts / Aylesbury Vale Colts',1);
INSERT INTO "Fixture" VALUES ('9F636414-370B-40E5-A315-D6E5F1085DB0','97E8B73A-2359-45C2-9122-BDB052F71C37','2025-03-23 00:00:00',1,'Hazelmere Youth Centre',1);
INSERT INTO "Fixture" VALUES ('45B95DD4-A879-4B05-9EE3-047A1752028F','97E8B73A-2359-45C2-9122-BDB052F71C37','2025-03-30 00:00:00',1,'Pitstone & Ivanghoe',1);
INSERT INTO "Fixture" VALUES ('56AF009A-54A6-4AC4-B757-37DFC7CA3394','8A18996C-0E4B-4409-97B8-74B7C32F5D13','2024-09-14 00:00:00',0,'Abingdon Youth U12 Girls',1);
INSERT INTO "Fixture" VALUES ('6FF29567-26E5-48A3-A9CC-4501C42FA9BE','0B3B3E31-D6F5-4FAF-95B0-1202BC285C14','2024-09-07 00:00:00',1,'Tingewick FC U10 Tornadoes Girls',3);
INSERT INTO "Fixture" VALUES ('4C744846-8908-45BA-80DA-44C86B857905','0B3B3E31-D6F5-4FAF-95B0-1202BC285C14','2024-09-14 00:00:00',0,'Cholsey Bluebirds U10 Girls',1);
INSERT INTO "Fixture" VALUES ('461658D2-D2D3-47CD-B317-8AA564C7B855','0B3B3E31-D6F5-4FAF-95B0-1202BC285C14','2024-09-21 00:00:00',1,'Aston U10 Girls',1);
INSERT INTO "Fixture" VALUES ('DB354EF2-64F0-4C6E-B5C1-0412744B4215','0B3B3E31-D6F5-4FAF-95B0-1202BC285C14','2024-09-28 00:00:00',1,'Hook Norton Junior Football Club U10 Gir',1);
INSERT INTO "Fixture" VALUES ('FBEEF7F4-A694-4DA9-83A6-9314DA9CBEFE','0B3B3E31-D6F5-4FAF-95B0-1202BC285C14','2024-10-12 00:00:00',0,'Oxford City Women & Girls U10',1);
INSERT INTO "Fixture" VALUES ('94253C76-9AF8-452B-8C71-71B13D434361','0B3B3E31-D6F5-4FAF-95B0-1202BC285C14','2024-10-19 00:00:00',0,'Kidlington Youth Girls U10 Lionesses',1);
INSERT INTO "Fixture" VALUES ('25CA869C-34CC-48A8-B970-925BEE0C08A3','0B3B3E31-D6F5-4FAF-95B0-1202BC285C14','2024-11-16 00:00:00',1,'Kennington Athletic U10 Yellows Girls',1);
INSERT INTO "Fixture" VALUES ('D32A3D1E-DC2F-418B-A302-765D98654C4A','0B3B3E31-D6F5-4FAF-95B0-1202BC285C14','2024-11-30 00:00:00',0,'Oxford Blackbirds U10 Girls',1);
INSERT INTO "Fixture" VALUES ('792C70C1-58B0-4D56-8A38-7A073951A0CE','FA34A4E9-B24B-4ED0-BD88-E6EA5B502F14','2024-09-08 00:00:00',0,'Marlow Utd',1);
INSERT INTO "Fixture" VALUES ('A25F1876-7A29-40D0-A2F6-F8CCA92DA808','FA34A4E9-B24B-4ED0-BD88-E6EA5B502F14','2024-09-15 00:00:00',1,'Aylesbury Utd Juniors',1);
INSERT INTO "Fixture" VALUES ('77662B27-4EF6-4A64-8735-8CA59559A288','FA34A4E9-B24B-4ED0-BD88-E6EA5B502F14','2024-09-22 00:00:00',0,'Maidenhead Utd Raiders & Hawks',1);
INSERT INTO "Fixture" VALUES ('CE63C440-E3AD-4C5D-8CA7-FFD87D0FAEAC','FA34A4E9-B24B-4ED0-BD88-E6EA5B502F14','2024-10-06 00:00:00',1,'Beaconsfield Town Youth Red',1);
INSERT INTO "Fixture" VALUES ('F287154D-7BFC-4E29-B921-A56DB239B01A','FA34A4E9-B24B-4ED0-BD88-E6EA5B502F14','2024-10-13 00:00:00',0,'Flackwell Heath Minors',1);
INSERT INTO "Fixture" VALUES ('0E1E4CCE-1CEE-4AF1-BBDB-454AB9C11F5A','FA34A4E9-B24B-4ED0-BD88-E6EA5B502F14','2024-10-20 00:00:00',0,'Langley Youth Blues',1);
INSERT INTO "Fixture" VALUES ('981595C3-8BDE-4AFE-B1EA-17FDB1EC6C20','FA34A4E9-B24B-4ED0-BD88-E6EA5B502F14','2024-11-10 00:00:00',1,'Marlow Utd',1);
INSERT INTO "Fixture" VALUES ('557F2569-BB91-429C-B38C-95B1CEDD32FE','FA34A4E9-B24B-4ED0-BD88-E6EA5B502F14','2024-11-17 00:00:00',0,'Aylesbury Utd Juniors',1);
INSERT INTO "Fixture" VALUES ('C87C01B6-BEEE-4718-940D-E364094AA67E','FA34A4E9-B24B-4ED0-BD88-E6EA5B502F14','2024-11-24 00:00:00',1,'Maidenhead Utd Raiders & Hawks',1);
INSERT INTO "Fixture" VALUES ('1D958075-96DD-4106-A92E-CC6AF283F164','FA34A4E9-B24B-4ED0-BD88-E6EA5B502F14','2024-12-01 00:00:00',1,'Marlow Youth',1);
INSERT INTO "Fixture" VALUES ('79047540-2883-4381-ACD0-D1CF2338933E','FA34A4E9-B24B-4ED0-BD88-E6EA5B502F14','2024-12-08 00:00:00',0,'Beaconsfield Town Youth Red',1);
INSERT INTO "Fixture" VALUES ('2AFE931C-AF5F-4E09-AB8D-DE936E556611','CCF1CF8E-4F42-4681-A758-032A3B6A192E','2024-09-08 00:00:00',0,'Haddenham Youth Blue',1);
INSERT INTO "Fixture" VALUES ('9A2C3BF9-90F2-4436-922F-70FA95FB26F9','CCF1CF8E-4F42-4681-A758-032A3B6A192E','2024-09-15 00:00:00',0,'HYC Community',1);
INSERT INTO "Fixture" VALUES ('DDC0793D-2B60-4588-B96F-85AC1E2481AB','CCF1CF8E-4F42-4681-A758-032A3B6A192E','2024-09-22 00:00:00',0,'Gerrards Cross & Fulmer Eagles',1);
INSERT INTO "Fixture" VALUES ('8A8DA8F4-921B-4097-92B6-AC8050BC1AF7','CCF1CF8E-4F42-4681-A758-032A3B6A192E','2024-09-29 00:00:00',0,'Bourne End JSC',1);
INSERT INTO "Fixture" VALUES ('0DED51B3-3C27-4D88-8953-D998570BD4B6','CCF1CF8E-4F42-4681-A758-032A3B6A192E','2024-10-13 00:00:00',0,'Chesham Athletic Pumas & Panthers',1);
INSERT INTO "Fixture" VALUES ('34752FA2-C727-464B-9112-F5E00EFFDBD5','CCF1CF8E-4F42-4681-A758-032A3B6A192E','2024-10-20 00:00:00',0,'Tring Tornadoes Sharks/ Falcons/Tigers',1);
INSERT INTO "Fixture" VALUES ('9DC22630-1EFD-4687-BE5A-5521BCB3237A','CCF1CF8E-4F42-4681-A758-032A3B6A192E','2024-11-10 00:00:00',0,'Chalfont Saints',1);
INSERT INTO "Fixture" VALUES ('3D11C2E3-1250-4880-8C41-D1A4A3737D7D','CCF1CF8E-4F42-4681-A758-032A3B6A192E','2024-11-17 00:00:00',0,'Marlow Royals',1);
INSERT INTO "Fixture" VALUES ('3B117F73-0FDC-4150-9270-39C833AEE211','CCF1CF8E-4F42-4681-A758-032A3B6A192E','2024-11-24 00:00:00',1,'Haddenham Youth Blue',1);
INSERT INTO "Fixture" VALUES ('5A53ACA4-E5A9-41DE-A9AC-CD062B51FBF2','CCF1CF8E-4F42-4681-A758-032A3B6A192E','2024-12-01 00:00:00',0,'HYC Community',1);
INSERT INTO "Fixture" VALUES ('6E7659B7-A956-4046-B1FE-23C4883BFCA9','CCF1CF8E-4F42-4681-A758-032A3B6A192E','2024-12-08 00:00:00',1,'Gerrards Cross & Fulmer Eagles',1);
INSERT INTO "Fixture" VALUES ('E08A73AD-572C-4206-90E0-440FDD5213FA','CCF1CF8E-4F42-4681-A758-032A3B6A192E','2024-12-15 00:00:00',1,'Bourne End JSC',1);
INSERT INTO "Fixture" VALUES ('57BC5BDE-9DE3-4652-9DBA-415197B7B1B4','4DB0422C-CC0F-4A59-9AA9-7CAA983A75AB','2024-08-20 00:00:00',0,'Aston Clinton Sports',5);
INSERT INTO "Fixture" VALUES ('6871E047-8FE2-42B0-A057-C260484036B0','4DB0422C-CC0F-4A59-9AA9-7CAA983A75AB','2024-08-30 00:00:00',1,'Watlington Town 1st Team',5);
INSERT INTO "Fixture" VALUES ('6B023B80-1D09-43A6-BDAD-AFF46193EBC1','4DB0422C-CC0F-4A59-9AA9-7CAA983A75AB','2024-09-14 00:00:00',0,'Long Crendon',5);
INSERT INTO "Fixture" VALUES ('55219E61-62AB-4219-B584-8320485F23F4','4DB0422C-CC0F-4A59-9AA9-7CAA983A75AB','2024-09-21 00:00:00',0,'Didcot Town FC Development',5);
INSERT INTO "Fixture" VALUES ('39F28733-7657-4E43-89F8-7C0BDEBF1ADA','4DB0422C-CC0F-4A59-9AA9-7CAA983A75AB','2024-09-27 00:00:00',1,'Aston Clinton Sports',5);
INSERT INTO "Fixture" VALUES ('37FCE38B-68C5-4318-BADD-348E85E2881A','4DB0422C-CC0F-4A59-9AA9-7CAA983A75AB','2024-10-08 00:00:00',1,'Didcot Town FC Development',5);
INSERT INTO "Fixture" VALUES ('15B89FD1-5769-4513-8322-A9D9918D6FF3','4DB0422C-CC0F-4A59-9AA9-7CAA983A75AB','2024-10-11 00:00:00',1,'Chalfont Wasps First',5);
INSERT INTO "Fixture" VALUES ('67CDF719-417F-4B19-977E-9DE6C076862B','4DB0422C-CC0F-4A59-9AA9-7CAA983A75AB','2024-10-25 00:00:00',1,'Holmer Green Development',5);
INSERT INTO "Fixture" VALUES ('AA7B4A2F-A6BD-4924-AC91-A8A37B3B070A','4DB0422C-CC0F-4A59-9AA9-7CAA983A75AB','2024-11-15 00:00:00',1,'Long Crendon',5);
INSERT INTO "Fixture" VALUES ('810DF7A1-5D57-4A6A-99B3-44A902B8BDE4','4DB0422C-CC0F-4A59-9AA9-7CAA983A75AB','2024-12-06 00:00:00',1,'Didcot Town FC Development',5);
INSERT INTO "Fixture" VALUES ('63D921B1-5627-48A7-AA8C-EEE06EE22388','4DB0422C-CC0F-4A59-9AA9-7CAA983A75AB','2025-01-24 00:00:00',1,'Mortimer First',5);
INSERT INTO "Fixture" VALUES ('B83F343C-A453-495F-A9F9-B153BFAB723E','4DB0422C-CC0F-4A59-9AA9-7CAA983A75AB','2025-03-01 00:00:00',1,'Prestwood. First',5);
INSERT INTO "Fixture" VALUES ('361597D2-D859-407B-9ECA-87ADAB3981CF','4DB0422C-CC0F-4A59-9AA9-7CAA983A75AB','2025-03-22 00:00:00',1,'Taplow United (Saturday) 1st',5);
INSERT INTO "Fixture" VALUES ('B71CC8BA-9067-4DB4-A80C-7D4966DF2ABB','12B7A033-95D3-46A3-971A-906EDCAF068D','2024-09-07 00:00:00',1,'Adderbury Park',1);
INSERT INTO "Fixture" VALUES ('9637CE8A-49A8-4D6E-A2E7-8DF512406C17','12B7A033-95D3-46A3-971A-906EDCAF068D','2024-09-14 00:00:00',0,'Kennington Athletic First',1);
INSERT INTO "Fixture" VALUES ('7043D4DE-5F4A-4F8D-BE97-C277C3C0B232','12B7A033-95D3-46A3-971A-906EDCAF068D','2024-09-21 00:00:00',1,'Chalgrove Cavaliers',5);
INSERT INTO "Fixture" VALUES ('7DFE5CB2-9088-4B94-A8A8-66B197C8BC2D','12B7A033-95D3-46A3-971A-906EDCAF068D','2024-09-28 00:00:00',0,'Shipston Excelsior First',5);
INSERT INTO "Fixture" VALUES ('E4A14A8C-E384-45DE-B5D5-6132E269FC9A','12B7A033-95D3-46A3-971A-906EDCAF068D','2024-10-05 00:00:00',0,'Saxton Rovers First',5);
INSERT INTO "Fixture" VALUES ('5DF0D4C4-A797-461D-964A-2A778A55496C','FA34A4E9-B24B-4ED0-BD88-E6EA5B502F14','2024-09-29 00:00:00',0,'Marlow Youth',1);
INSERT INTO "Fixture" VALUES ('F7A7EAB3-90C1-438D-9A81-A100D747A77C','FA34A4E9-B24B-4ED0-BD88-E6EA5B502F14','2024-12-15 00:00:00',1,'Flackwell Heath Minors',1);
INSERT INTO "Fixture" VALUES ('8FF2BB32-FEC0-4F29-BF8F-3757862B10D9','68009D1E-0EB7-4978-A8B8-A334EEF8E008','2024-09-08 00:00:00',1,'Aylesbury Vale Dynamos Youth',1);
INSERT INTO "Fixture" VALUES ('2508E611-FFD4-4C2E-A383-519BB908A99E','68009D1E-0EB7-4978-A8B8-A334EEF8E008','2024-09-22 00:00:00',0,'Ruislip Rangers Whites',1);
INSERT INTO "Fixture" VALUES ('D57FB493-9B1C-48AB-863D-56A43A883A11','68009D1E-0EB7-4978-A8B8-A334EEF8E008','2024-09-29 00:00:00',1,'Wycombe Town Inter',1);
INSERT INTO "Fixture" VALUES ('1005007D-2D29-4AA2-A6F6-94D1FCF77811','68009D1E-0EB7-4978-A8B8-A334EEF8E008','2024-10-06 00:00:00',0,'Stoke Mandeville Stags Navy',1);
INSERT INTO "Fixture" VALUES ('B04F384A-93B5-48E2-ABA1-318ABC86E421','68009D1E-0EB7-4978-A8B8-A334EEF8E008','2024-10-13 00:00:00',1,'Harefield United Youth Reds',1);
INSERT INTO "Fixture" VALUES ('2B55C00E-4784-436F-A144-0437A43A1803','68009D1E-0EB7-4978-A8B8-A334EEF8E008','2024-10-20 00:00:00',0,'Hughenden Valley',1);
INSERT INTO "Fixture" VALUES ('C5985EB2-28C1-4F9D-BFDB-B7BF978DA717','150DEF5B-487A-4633-AD06-13BEA0509685','2024-09-08 00:00:00',1,'Holmer Green Hawks',1);
INSERT INTO "Fixture" VALUES ('50A35250-721D-420B-BA30-C6B7AA260AB0','150DEF5B-487A-4633-AD06-13BEA0509685','2024-09-15 00:00:00',0,'Penn & Tylers Green Scorpions',1);
INSERT INTO "Fixture" VALUES ('1AFA7271-C268-4AD1-BE18-6D76575476EB','150DEF5B-487A-4633-AD06-13BEA0509685','2024-09-22 00:00:00',0,'Marlow Royals',1);
INSERT INTO "Fixture" VALUES ('B45DC991-E5B2-425C-97E8-8DC0BDDDA42F','150DEF5B-487A-4633-AD06-13BEA0509685','2024-09-29 00:00:00',1,'Harefield United Youth Yellow',1);
INSERT INTO "Fixture" VALUES ('11232425-6180-425F-9C4C-B65D11A1DC1E','150DEF5B-487A-4633-AD06-13BEA0509685','2024-10-06 00:00:00',0,'Prestwood Colts Clarets',1);
INSERT INTO "Fixture" VALUES ('5D598FD3-0B39-435E-A448-40B4B0E74E56','150DEF5B-487A-4633-AD06-13BEA0509685','2024-10-13 00:00:00',1,'Flackwell Heath Minors Dragons',1);
INSERT INTO "Fixture" VALUES ('F513AD80-8BCD-4120-A57F-1748DE2BE793','150DEF5B-487A-4633-AD06-13BEA0509685','2024-10-20 00:00:00',0,'Tring Tornadoes Lightning',1);
INSERT INTO "Fixture" VALUES ('B83BE322-03C5-49FA-9677-CCEC6F49B3EE','E7FCC89B-1762-4B1A-A69B-90EC9CB50CFB','2024-09-08 00:00:00',1,'Wycombe Town AC',1);
INSERT INTO "Fixture" VALUES ('4850D8AF-3227-4E14-B182-D56845770A80','E7FCC89B-1762-4B1A-A69B-90EC9CB50CFB','2024-09-15 00:00:00',0,'Prestwood Colts Panthers',1);
INSERT INTO "Fixture" VALUES ('1BE349B1-F73A-4B82-BB08-DB9997369542','E7FCC89B-1762-4B1A-A69B-90EC9CB50CFB','2024-09-22 00:00:00',1,'Aylesbury Vale Dynamos',1);
INSERT INTO "Fixture" VALUES ('BD5ABE40-0EBE-470F-AB24-6ECE31DB4B26','E7FCC89B-1762-4B1A-A69B-90EC9CB50CFB','2024-09-29 00:00:00',0,'Tring Tornadoes Thunder',1);
INSERT INTO "Fixture" VALUES ('D971DF44-C5B7-48FC-A032-6FD56A3368D5','E7FCC89B-1762-4B1A-A69B-90EC9CB50CFB','2024-10-06 00:00:00',0,'Pitstone & Ivinghoe',1);
INSERT INTO "Fixture" VALUES ('69319CF7-06BA-44D6-B4A7-97D02E1664DD','E7FCC89B-1762-4B1A-A69B-90EC9CB50CFB','2024-10-13 00:00:00',1,'Wendover Juniors',1);
INSERT INTO "Fixture" VALUES ('F8904C17-D49C-40A8-A1E8-FF84F4661DF8','30A946D7-4C2C-4057-8850-BB4E2066C080','2024-09-07 00:00:00',1,'Kidlington Youth Girls U12 Cheetahs',1);
INSERT INTO "Fixture" VALUES ('0260676D-381D-4904-BFEB-7EA0926999D2','30A946D7-4C2C-4057-8850-BB4E2066C080','2024-09-14 00:00:00',1,'Wantage Town FC U12 Girls',1);
INSERT INTO "Fixture" VALUES ('AA989A20-A834-4C6E-90A8-04BF2AFE216D','30A946D7-4C2C-4057-8850-BB4E2066C080','2024-09-21 00:00:00',0,'Summertown Stars AFC U12 Arctic Wolves G',1);
INSERT INTO "Fixture" VALUES ('26B8F680-DC2D-457B-A4E5-63AA67DD0E30','30A946D7-4C2C-4057-8850-BB4E2066C080','2024-09-28 00:00:00',1,'Summertown Stars AFC U12 Ladies Snow Leo',1);
INSERT INTO "Fixture" VALUES ('D33B99CA-A4B3-438A-B864-3C8739E0869E','30A946D7-4C2C-4057-8850-BB4E2066C080','2024-10-05 00:00:00',0,'Oxford City Women & Girls U12 Blues',1);
INSERT INTO "Fixture" VALUES ('B2AA1C5D-23D3-4BC8-BBE8-AFC550EDC8C6','30A946D7-4C2C-4057-8850-BB4E2066C080','2024-10-12 00:00:00',1,'Brackley Town Juniors U12 BTFC Girls',1);
INSERT INTO "Fixture" VALUES ('8D5A80B0-81F2-412E-A1F7-4CCB38AC3E2C','30A946D7-4C2C-4057-8850-BB4E2066C080','2024-10-19 00:00:00',0,'Oxford City Women & Girls U12 Whites',1);
INSERT INTO "Fixture" VALUES ('03448B41-6750-4C9E-B9B2-AAB79C351820','8A18996C-0E4B-4409-97B8-74B7C32F5D13','2024-09-21 00:00:00',1,'Launton U12 Girls',1);
INSERT INTO "Fixture" VALUES ('3167A674-6D4E-4FD1-8983-967161778113','8A18996C-0E4B-4409-97B8-74B7C32F5D13','2024-09-28 00:00:00',0,'Quarry Rovers U12 Girls',1);
INSERT INTO "Fixture" VALUES ('1C3BC220-9DA5-4ADC-A669-753E34B49661','8A18996C-0E4B-4409-97B8-74B7C32F5D13','2024-10-05 00:00:00',1,'Blewbury Amazons Girls Football Club U12',1);
INSERT INTO "Fixture" VALUES ('0CFE0EFF-8333-41BE-AAB3-3D684F54776A','8A18996C-0E4B-4409-97B8-74B7C32F5D13','2024-10-12 00:00:00',1,'Brackley Athletic U12 Girls',1);
INSERT INTO "Fixture" VALUES ('DDB99AE7-8FD0-4046-8130-642773487A31','8A18996C-0E4B-4409-97B8-74B7C32F5D13','2024-10-19 00:00:00',0,'Chinnor Youth U12 Girls',1);
INSERT INTO "Fixture" VALUES ('FB1B0AE8-5292-4E37-BE8C-9D3CFCA27C9B','004115A0-B2D6-429D-9828-B56DC45A374C','2024-09-15 00:00:00',0,'Maidenhead Utd Juniors Colts',1);
INSERT INTO "Fixture" VALUES ('35F6EEB8-EE8E-45EC-87FB-422DB86F7B80','004115A0-B2D6-429D-9828-B56DC45A374C','2024-09-22 00:00:00',1,'Berkhamsted Raiders Blue',1);
INSERT INTO "Fixture" VALUES ('A8B98870-7710-42A3-8E78-634E052A672D','004115A0-B2D6-429D-9828-B56DC45A374C','2024-09-29 00:00:00',1,'Langley Youth Reds',1);
INSERT INTO "Fixture" VALUES ('85F9ACBC-6F9E-481B-9AE1-56B35130B732','004115A0-B2D6-429D-9828-B56DC45A374C','2024-10-06 00:00:00',0,'Downley Dynamos Atletico',1);
INSERT INTO "Fixture" VALUES ('26E8AC9E-396B-43E6-B0D7-EFD38FE2444B','004115A0-B2D6-429D-9828-B56DC45A374C','2024-10-13 00:00:00',1,'Chesham Athletic Lions',1);
INSERT INTO "Fixture" VALUES ('F85264A6-DC71-4DD1-9FD6-85EF39362C5B','004115A0-B2D6-429D-9828-B56DC45A374C','2024-10-20 00:00:00',0,'Aylesbury Utd Juniors Green',1);
INSERT INTO "Fixture" VALUES ('07DA2D33-8EA2-4D4F-AF59-9B7DA6441C97','3949BE6F-3528-4401-AC53-CB49FA5911E5','2024-09-08 00:00:00',0,'Pitstone & Ivinghoe',1);
INSERT INTO "Fixture" VALUES ('D52E5321-D51B-4CA1-821A-58EC49E936F8','3949BE6F-3528-4401-AC53-CB49FA5911E5','2024-09-15 00:00:00',1,'Aylesbury Vale Dynamos Colts',1);
INSERT INTO "Fixture" VALUES ('10BB1F1E-DDD4-4E14-B2FF-7A28D4993F73','3949BE6F-3528-4401-AC53-CB49FA5911E5','2024-09-29 00:00:00',0,'Tring Tornadoes Tigers',1);
INSERT INTO "Fixture" VALUES ('A9FE8B84-EAB2-4A0B-BB3B-D3F3FB41E3F6','3949BE6F-3528-4401-AC53-CB49FA5911E5','2024-10-06 00:00:00',1,'Windsor & Eton Youth Kites Whites',1);
INSERT INTO "Fixture" VALUES ('F20D6E62-8D97-4EF9-9D38-CB9E5E33F7BB','3949BE6F-3528-4401-AC53-CB49FA5911E5','2024-10-13 00:00:00',0,'Risborough Rangers Colts',1);
INSERT INTO "Fixture" VALUES ('8E8D610D-2814-4EFA-A334-B867C8947F97','3949BE6F-3528-4401-AC53-CB49FA5911E5','2024-10-20 00:00:00',1,'Taplow Utd Blues',1);
INSERT INTO "Fixture" VALUES ('4646BEAC-56E6-422C-8ABC-7A8888DB11F1','F97347ED-729E-4D7C-B418-7A9731CFAEE2','2024-09-08 00:00:00',1,'Ruislip Rangers Sky Blues',1);
INSERT INTO "Fixture" VALUES ('70710A5A-2503-49AD-8777-F3971F80C3EB','F97347ED-729E-4D7C-B418-7A9731CFAEE2','2024-09-15 00:00:00',1,'FC Holyport Heats',1);
INSERT INTO "Fixture" VALUES ('2E2CD1C0-6187-40DE-8B91-EB3D253A1040','F97347ED-729E-4D7C-B418-7A9731CFAEE2','2024-09-29 00:00:00',1,'Chalfont Saints Lions',1);
INSERT INTO "Fixture" VALUES ('D65BB208-362F-46CD-92A3-008F3AB12DFE','F97347ED-729E-4D7C-B418-7A9731CFAEE2','2024-10-06 00:00:00',0,'Townmead Youth Blue',1);
INSERT INTO "Fixture" VALUES ('96CE4A03-4DED-4026-9C93-E0C5973D5F62','F97347ED-729E-4D7C-B418-7A9731CFAEE2','2024-10-13 00:00:00',1,'Beaconsfield Town Youth Kites',1);
INSERT INTO "Fixture" VALUES ('26C12BE4-197F-4513-833E-E19110626528','F97347ED-729E-4D7C-B418-7A9731CFAEE2','2024-10-20 00:00:00',0,'Saints FC',1);
INSERT INTO "Fixture" VALUES ('A1A3CEB1-6E42-46CC-AA68-0A61F4D03948','3949BE6F-3528-4401-AC53-CB49FA5911E5','2024-09-22 00:00:00',0,'FC Cippenham Eagles',1);
INSERT INTO "Fixture" VALUES ('CE3E47C7-CF20-49F4-A405-85B74E661996','27DF8F4B-E01C-4FA1-97DA-0C989F223E2B','2024-09-07 00:00:00',0,'Nalgo Sports Football Club U13 Wolves Gi',1);
INSERT INTO "Fixture" VALUES ('27045ADF-3881-4BA4-8029-2FE2C0B65377','27DF8F4B-E01C-4FA1-97DA-0C989F223E2B','2024-09-14 00:00:00',1,'Hook Norton Junior Football Club U13 Gir',1);
INSERT INTO "Fixture" VALUES ('DEA66046-DEA3-46F9-9F07-3D2BBC077470','27DF8F4B-E01C-4FA1-97DA-0C989F223E2B','2024-09-21 00:00:00',0,'Middleton Cheney U13 Middleton Cheney FC',1);
INSERT INTO "Fixture" VALUES ('7CE8EE00-3D7B-4197-A2CF-D909762115B9','27DF8F4B-E01C-4FA1-97DA-0C989F223E2B','2024-09-28 00:00:00',1,'Tower Hill Ladies & Girls U13 Vixen Star',1);
INSERT INTO "Fixture" VALUES ('E4F3D7BB-BB6A-4037-B059-C5290457901F','27DF8F4B-E01C-4FA1-97DA-0C989F223E2B','2024-10-05 00:00:00',0,'Shrivenham U13 Girls',1);
INSERT INTO "Fixture" VALUES ('FFD7EABD-9ABD-49CD-8B81-3AD1BD08BC10','27DF8F4B-E01C-4FA1-97DA-0C989F223E2B','2024-10-19 00:00:00',1,'Faringdon Town U13 Girls',1);
INSERT INTO "Fixture" VALUES ('C0958DE9-0C03-42BE-8E3C-F786B4D06C0F','15D98531-33F3-4C78-9664-A38905FC3932','2024-09-07 00:00:00',0,'Chinnor Youth U14 Chinnor Youth Girls',1);
INSERT INTO "Fixture" VALUES ('8A91A98F-B8D2-4F93-B6E3-826F6A4F1BDB','15D98531-33F3-4C78-9664-A38905FC3932','2025-02-08 00:00:00',0,'Didcot Casuals Youth U14 Girls',1);
INSERT INTO "Fixture" VALUES ('67995C64-1DE5-43C6-9357-131B233974AA','15D98531-33F3-4C78-9664-A38905FC3932','2025-02-01 00:00:00',1,'Blewbury Amazons Girls Football Club U14',1);
INSERT INTO "Fixture" VALUES ('7E85C973-A124-4BC2-957E-BAD52219CE19','15D98531-33F3-4C78-9664-A38905FC3932','2025-01-18 00:00:00',0,'Aylesbury Vale Dynamos FC U14 Girls',1);
INSERT INTO "Fixture" VALUES ('F4C3101C-F658-4FF5-96D3-D2EFE5A24AD6','15D98531-33F3-4C78-9664-A38905FC3932','2024-12-14 00:00:00',1,'Launton U14 Girls',1);
INSERT INTO "Fixture" VALUES ('F13FBAC5-7E71-4ED1-B0BD-BB3D115ED61E','15D98531-33F3-4C78-9664-A38905FC3932','2024-12-07 00:00:00',0,'Quarry Rovers U14 Girls Crystals',2);
INSERT INTO "Fixture" VALUES ('AA6C0908-EB64-42E6-AD07-A82A518B55F4','15D98531-33F3-4C78-9664-A38905FC3932','2024-11-30 00:00:00',0,'St Edmunds U14 Girls',1);
INSERT INTO "Fixture" VALUES ('8A6D182B-BA9A-4DB4-8A3F-BDCB555FD4A2','15D98531-33F3-4C78-9664-A38905FC3932','2025-03-01 00:00:00',1,'Banbury Irish Association U14 Emeralds G',1);
INSERT INTO "Fixture" VALUES ('382F5FD6-3F82-477A-AB41-2DA21CD06E5E','15D98531-33F3-4C78-9664-A38905FC3932','2024-11-23 00:00:00',1,'Chinnor Youth U14 Chinnor Youth Girls',1);
INSERT INTO "Fixture" VALUES ('6D99463D-B6B2-4EC5-931F-4E66788E624D','15D98531-33F3-4C78-9664-A38905FC3932','2024-11-09 00:00:00',0,'Banbury Irish Association U14 Emeralds G',1);
INSERT INTO "Fixture" VALUES ('24EFF946-0A54-4CAD-A6B9-C1F38760CCD4','15D98531-33F3-4C78-9664-A38905FC3932','2024-10-19 00:00:00',1,'Didcot Casuals Youth U14 Girls',1);
INSERT INTO "Fixture" VALUES ('8751B19F-0BB3-45AB-88B1-E8617A2161EA','15D98531-33F3-4C78-9664-A38905FC3932','2024-10-12 00:00:00',0,'Blewbury Amazons Girls Football Club U14',1);
INSERT INTO "Fixture" VALUES ('4AFAA32E-D232-4D6B-B96C-97FD1C31F1BB','15D98531-33F3-4C78-9664-A38905FC3932','2024-09-28 00:00:00',1,'Aylesbury Vale Dynamos FC U14 Girls',1);
INSERT INTO "Fixture" VALUES ('4CC28E56-776D-4E50-83F5-166AB47016B9','15D98531-33F3-4C78-9664-A38905FC3932','2024-09-21 00:00:00',0,'Launton U14 Girls',1);
INSERT INTO "Fixture" VALUES ('45E80342-6F12-404B-BAF3-E36FEED6AF31','15D98531-33F3-4C78-9664-A38905FC3932','2024-09-14 00:00:00',1,'St Edmunds U14 Girls',1);
INSERT INTO "Fixture" VALUES ('3C24943A-EC18-4B34-843A-DB25D9F1BC7A','15D98531-33F3-4C78-9664-A38905FC3932','2024-11-16 00:00:00',1,'Kidlington Youth Girls U14 Lionesses',1);
INSERT INTO "Fixture" VALUES ('84F9483D-999D-4AC3-89D4-994434DAA22E','15D98531-33F3-4C78-9664-A38905FC3932','2025-03-08 00:00:00',0,'Kidlington Youth Girls U14 Lionesses',1);
INSERT INTO "Fixture" VALUES ('B1537ABA-0577-4EFE-90D4-C8E8BD1583B4','19B3F37C-4530-4E37-9AAB-DB8638AEC354','2024-09-07 00:00:00',0,'Blewbury Amazons Girls Football Club U15',1);
INSERT INTO "Fixture" VALUES ('0E95E063-E2AC-4638-B2CF-0945AAD65051','19B3F37C-4530-4E37-9AAB-DB8638AEC354','2024-09-21 00:00:00',0,'Barton United FC U15 Raiders Girls',1);
INSERT INTO "Fixture" VALUES ('EFC86633-0330-43FA-8EC6-1CCA6DDD7D5A','19B3F37C-4530-4E37-9AAB-DB8638AEC354','2024-09-28 00:00:00',1,'Summertown Stars AFC U15 Ladies Meerkats',1);
INSERT INTO "Fixture" VALUES ('64509982-1B1A-4640-B303-BFDBDD2C5E8D','19B3F37C-4530-4E37-9AAB-DB8638AEC354','2024-10-05 00:00:00',1,'Headington Youth U15 Blues Girls',1);
INSERT INTO "Fixture" VALUES ('2FCAD8DB-B1C5-4829-9026-F0154A419395','19B3F37C-4530-4E37-9AAB-DB8638AEC354','2024-10-12 00:00:00',0,'Abingdon United FC U14 Girls',1);
INSERT INTO "Fixture" VALUES ('B07DD3A9-EB46-486A-8A31-42E4ADD82994','19B3F37C-4530-4E37-9AAB-DB8638AEC354','2024-11-09 00:00:00',1,'Summertown Stars AFC U15 Ladies Dragons',1);
INSERT INTO "Fixture" VALUES ('B74A5F5A-00D9-4A14-A552-4A6FA90FA8E2','19B3F37C-4530-4E37-9AAB-DB8638AEC354','2024-11-23 00:00:00',1,'Summertown Stars AFC U15 Ladies Jaguars',1);
INSERT INTO "Fixture" VALUES ('666A004A-8506-447F-A797-755C2B058B6A','19B3F37C-4530-4E37-9AAB-DB8638AEC354','2024-11-30 00:00:00',1,'Blewbury Amazons Girls Football Club U15',1);
INSERT INTO "Fixture" VALUES ('1FE8E0AE-0F8A-407B-BA15-123EA3C68155','19B3F37C-4530-4E37-9AAB-DB8638AEC354','2024-12-07 00:00:00',1,'Wantage Town FC U15 Girls',2);
INSERT INTO "Fixture" VALUES ('3C89F629-24BD-4917-B8D5-D7DE458EF8DF','19B3F37C-4530-4E37-9AAB-DB8638AEC354','2024-12-14 00:00:00',0,'Summertown Stars AFC U15 Ladies Meerkats',1);
INSERT INTO "Fixture" VALUES ('32A724F8-4E36-427B-B254-45CACDF3D0F2','19B3F37C-4530-4E37-9AAB-DB8638AEC354','2025-01-25 00:00:00',0,'Headington Youth U15 Blues Girls',1);
INSERT INTO "Fixture" VALUES ('EE43CF6E-7CD7-4C26-B622-9FBA6A278047','19B3F37C-4530-4E37-9AAB-DB8638AEC354','2025-02-01 00:00:00',1,'Barton United FC U15 Raiders Girls',1);
INSERT INTO "Fixture" VALUES ('F75D943D-DF7C-4113-9A12-4DE9E7860D83','19B3F37C-4530-4E37-9AAB-DB8638AEC354','2025-02-08 00:00:00',0,'Summertown Stars AFC U15 Ladies Jaguars',1);
INSERT INTO "Fixture" VALUES ('A99B1C63-C0E6-4EE8-8D76-73498B2E5E9F','19B3F37C-4530-4E37-9AAB-DB8638AEC354','2025-03-01 00:00:00',1,'Abingdon United FC U14 Girls',1);
INSERT INTO "Fixture" VALUES ('1480C929-5189-43F8-8D92-E9421B7C5E0D','19B3F37C-4530-4E37-9AAB-DB8638AEC354','2025-03-08 00:00:00',0,'Summertown Stars AFC U15 Ladies Dragons',1);
INSERT INTO "Fixture" VALUES ('CB0E9DAA-1C43-4FAA-BBFE-F00E5762D467','56D82C7F-292C-4C19-8964-BE91760D76BD','2024-09-07 00:00:00',0,'Tower Hill Ladies & Girls U15 Vixens',1);
INSERT INTO "Fixture" VALUES ('8124899B-13CF-4C7B-9532-71CB9A87ED9B','56D82C7F-292C-4C19-8964-BE91760D76BD','2024-09-14 00:00:00',1,'Oxford City Women & Girls U15 Blues',1);
INSERT INTO "Fixture" VALUES ('2574EF16-E94E-4105-9B4C-8A674AE9B576','56D82C7F-292C-4C19-8964-BE91760D76BD','2024-09-28 00:00:00',1,'Bicester Park U15 Girls',1);
INSERT INTO "Fixture" VALUES ('BC7AD34B-F928-453A-AA3B-355D6B1CEC4E','56D82C7F-292C-4C19-8964-BE91760D76BD','2024-10-05 00:00:00',0,'Headington Youth U15 Yellows Girls',1);
INSERT INTO "Fixture" VALUES ('3F4D5A9B-8E53-47A9-87BA-F3CCDA1FB524','56D82C7F-292C-4C19-8964-BE91760D76BD','2024-10-12 00:00:00',0,'Stonesfield Football Club U15 West Oxfor',1);
INSERT INTO "Fixture" VALUES ('7B602C93-0F8A-454E-8532-B355BECD4071','56D82C7F-292C-4C19-8964-BE91760D76BD','2024-11-09 00:00:00',0,'Witney Vikings Youth U15 Hornets Girls',1);
INSERT INTO "Fixture" VALUES ('ECAE8DE3-FFA4-425E-99E2-34F6E8AC3FF2','56D82C7F-292C-4C19-8964-BE91760D76BD','2024-11-23 00:00:00',1,'Wantage Town FC U15 Girls',1);
INSERT INTO "Fixture" VALUES ('23F28088-DF4A-436B-86BF-9008072D0280','56D82C7F-292C-4C19-8964-BE91760D76BD','2024-11-30 00:00:00',1,'Tower Hill Ladies & Girls U15 Vixens',1);
INSERT INTO "Fixture" VALUES ('3DD3D69D-3572-427D-8EE8-C1CA23333972','56D82C7F-292C-4C19-8964-BE91760D76BD','2024-12-07 00:00:00',1,'Brackley Town Juniors U15 BTFC Girls',2);
INSERT INTO "Fixture" VALUES ('3858DB29-925D-4B17-9017-785E25D3AAD4','56D82C7F-292C-4C19-8964-BE91760D76BD','2024-12-14 00:00:00',0,'Bicester Park U15 Girls',1);
INSERT INTO "Fixture" VALUES ('847CF680-C3BC-4AF6-BC07-A021E7BC1992','56D82C7F-292C-4C19-8964-BE91760D76BD','2025-01-25 00:00:00',1,'Headington Youth U15 Yellows Girls',1);
INSERT INTO "Fixture" VALUES ('8756C780-FB1A-47CC-92AF-09DBBE94F9F1','56D82C7F-292C-4C19-8964-BE91760D76BD','2025-02-01 00:00:00',0,'Oxford City Women & Girls U15 Blues',1);
INSERT INTO "Fixture" VALUES ('EE45F2D5-5795-49CE-8FD4-05210DF8E4F4','56D82C7F-292C-4C19-8964-BE91760D76BD','2025-02-08 00:00:00',0,'Wantage Town FC U15 Girls',1);
INSERT INTO "Fixture" VALUES ('E543368D-343F-489A-8F0D-E69DD6C363F7','56D82C7F-292C-4C19-8964-BE91760D76BD','2025-03-01 00:00:00',1,'Stonesfield Football Club U15 West Oxfor',1);
INSERT INTO "Fixture" VALUES ('50A4E5E2-2FA0-4D90-9AD5-5763D503659C','56D82C7F-292C-4C19-8964-BE91760D76BD','2025-03-08 00:00:00',1,'Witney Vikings Youth U15 Hornets Girls',1);
INSERT INTO "Fixture" VALUES ('3EB4D7A9-BBF2-4E19-B54A-948176EA5E41','0B4498B3-220D-4C06-BAFF-FA9F75FC3A8B','2024-09-07 00:00:00',1,'Kidlington Youth Girls U16',1);
INSERT INTO "Fixture" VALUES ('B0AB0208-A1D6-48D0-94C0-8918C528B67B','0B4498B3-220D-4C06-BAFF-FA9F75FC3A8B','2025-03-01 00:00:00',1,'Quarry Rovers U16 Sapphires Girls',1);
INSERT INTO "Fixture" VALUES ('F0EA3D37-79BC-49AC-95D8-F0B7876F073A','0B4498B3-220D-4C06-BAFF-FA9F75FC3A8B','2025-02-08 00:00:00',0,'Mansfield Road Juniors U16 Girls',1);
INSERT INTO "Fixture" VALUES ('BACB552E-168E-467D-96B3-885811BFE4C9','0B4498B3-220D-4C06-BAFF-FA9F75FC3A8B','2025-02-01 00:00:00',1,'Hinksey Park U16 Hydras Girls',1);
INSERT INTO "Fixture" VALUES ('7438C7E9-A58B-4788-BFEB-AD650C11E918','0B4498B3-220D-4C06-BAFF-FA9F75FC3A8B','2025-01-25 00:00:00',0,'Summertown Stars AFC U16 Ladies',1);
INSERT INTO "Fixture" VALUES ('B1F11CD3-63ED-4A5B-A209-CF644501F228','0B4498B3-220D-4C06-BAFF-FA9F75FC3A8B','2024-12-14 00:00:00',1,'FC Abbey Meads  U16 Girls Purple',1);
INSERT INTO "Fixture" VALUES ('AD01D650-FF75-4DAC-842B-A6518D4A61EA','0B4498B3-220D-4C06-BAFF-FA9F75FC3A8B','2024-12-07 00:00:00',0,'Hinksey Park U16 Hydras Girls',1);
INSERT INTO "Fixture" VALUES ('6F5F3685-5DDE-49A4-B0AA-3B4623D3162D','0B4498B3-220D-4C06-BAFF-FA9F75FC3A8B','2025-03-08 00:00:00',0,'Brackley Athletic U16 Girls',1);
INSERT INTO "Fixture" VALUES ('2DEA9F76-D2F2-458D-A772-040259D73051','0B4498B3-220D-4C06-BAFF-FA9F75FC3A8B','2024-11-30 00:00:00',0,'Kidlington Youth Girls U16',1);
INSERT INTO "Fixture" VALUES ('600C8DB6-635D-4703-AA52-42E61ADAEC1E','0B4498B3-220D-4C06-BAFF-FA9F75FC3A8B','2024-11-16 00:00:00',1,'Brackley Athletic U16 Girls',1);
INSERT INTO "Fixture" VALUES ('E562F031-1B97-4227-B3D3-8EAB2472FD5F','0B4498B3-220D-4C06-BAFF-FA9F75FC3A8B','2024-11-09 00:00:00',0,'Quarry Rovers U16 Sapphires Girls',1);
INSERT INTO "Fixture" VALUES ('E6CA8121-A012-4FF0-9C72-8B6FE4CF8312','0B4498B3-220D-4C06-BAFF-FA9F75FC3A8B','2024-10-19 00:00:00',1,'Mansfield Road Juniors U16 Girls',1);
INSERT INTO "Fixture" VALUES ('7D9B7C82-0216-44D2-BAD0-DC0D87055095','0B4498B3-220D-4C06-BAFF-FA9F75FC3A8B','2024-10-05 00:00:00',0,'Haddenham Youth U16 girls',2);
INSERT INTO "Fixture" VALUES ('A1835D13-79E2-42EC-9D6F-554115CFA783','0B4498B3-220D-4C06-BAFF-FA9F75FC3A8B','2024-09-21 00:00:00',0,'FC Abbey Meads  U16 Girls Purple',1);
INSERT INTO "Fixture" VALUES ('B68FF9BC-F71A-46E9-A840-811D3D68855F','0B4498B3-220D-4C06-BAFF-FA9F75FC3A8B','2024-09-14 00:00:00',1,'Summertown Stars AFC U16 Ladies',1);
INSERT INTO "Fixture" VALUES ('69BC044E-1E4A-4158-8D67-2A80CC92A437','0B4498B3-220D-4C06-BAFF-FA9F75FC3A8B','2024-11-23 00:00:00',0,'Oxford City Women & Girls U16',1);
INSERT INTO "Fixture" VALUES ('F4453DEC-50CC-4D21-85BA-9E6C9A67FD5A','0B4498B3-220D-4C06-BAFF-FA9F75FC3A8B','2025-03-15 00:00:00',1,'Oxford City Women & Girls U16',1);
INSERT INTO "Fixture" VALUES ('2E4A4267-CA3D-4AE1-9C02-6FBDDAFFE63C','FE35BE03-CB6B-42B5-88F4-DD5FB2E7D868','2024-09-07 00:00:00',1,'Beaconsfield FC U13',1);
INSERT INTO "Fixture" VALUES ('08EBA07A-4F99-45CD-A6C6-B14B15B8AE24','9F97C9B1-2FE6-4E57-A894-E011D6B4FF38','2024-09-07 00:00:00',1,'4FuturePro FC U12',1);
INSERT INTO "Fixture" VALUES ('2456B2BD-12FB-464B-B2ED-3B835012B947','5DBF9209-8044-4A70-943F-6A464856B83B','2024-09-08 00:00:00',0,'Slough Town Junior',1);
INSERT INTO "Fixture" VALUES ('730E867F-5A2D-4D05-B102-850C7339AE63','5DBF9209-8044-4A70-943F-6A464856B83B','2024-09-15 00:00:00',1,'4 Future Pro',1);
INSERT INTO "Fixture" VALUES ('903B3F2A-08D2-47A4-9AE0-64B34EEE834F','5DBF9209-8044-4A70-943F-6A464856B83B','2024-09-22 00:00:00',1,'Marlow Youth',1);
INSERT INTO "Fixture" VALUES ('C0D9C303-FA23-47CD-A947-6372DBB771B7','5DBF9209-8044-4A70-943F-6A464856B83B','2024-09-29 00:00:00',0,'Beconsfield Town Youth Eagles',1);
INSERT INTO "Fixture" VALUES ('65FE23F8-7069-4D59-81C7-3E088704F5E4','5DBF9209-8044-4A70-943F-6A464856B83B','2024-10-06 00:00:00',1,'Flackwell Heath Minors',1);
INSERT INTO "Fixture" VALUES ('52432479-F06A-46AF-B4E0-815F6314B5D8','5DBF9209-8044-4A70-943F-6A464856B83B','2024-10-13 00:00:00',0,'Aylesbury Vale Dynamos',1);
INSERT INTO "Fixture" VALUES ('B921F6D9-9ED6-4F38-B2E9-6261FA16EB53','5DBF9209-8044-4A70-943F-6A464856B83B','2024-10-20 00:00:00',0,'Aston Clinton Colts JFC Blue',1);
INSERT INTO "Fixture" VALUES ('31ADEA8C-AD81-4D7E-A20A-2D9276B979D5','5DBF9209-8044-4A70-943F-6A464856B83B','2024-10-27 00:00:00',1,'Risborough Rangers Juniors ',1);
INSERT INTO "Fixture" VALUES ('005FBCC1-31EA-4F9F-A687-3DCA905FE695','2D1343B6-45C0-4F75-9F32-BEA7BD744EE9','2024-09-01 00:00:00',1,'Headington Butchers',5);
INSERT INTO "Fixture" VALUES ('98273DAE-ABAE-46DF-905F-49D10DAD1583','2D1343B6-45C0-4F75-9F32-BEA7BD744EE9','2024-09-15 00:00:00',1,'Hazlemere Sports Athletic',5);
INSERT INTO "Fixture" VALUES ('E4A6B1F9-1E19-4242-9BA4-AAAEEF59EA06','2D1343B6-45C0-4F75-9F32-BEA7BD744EE9','2024-10-13 00:00:00',1,'Goring United GOB',5);
INSERT INTO "Fixture" VALUES ('BAD45404-2152-476F-B733-B7A2D3B78772','2D1343B6-45C0-4F75-9F32-BEA7BD744EE9','2024-10-27 00:00:00',0,'Chilsley',5);
INSERT INTO "Fixture" VALUES ('CCBE37D9-4F55-4406-80F4-DAB21B777E00','2D1343B6-45C0-4F75-9F32-BEA7BD744EE9','2024-11-17 00:00:00',1,'North Leigh',6);
INSERT INTO "Fixture" VALUES ('72A2A87A-1485-45C6-B8FC-FCCC271566F9','2D1343B6-45C0-4F75-9F32-BEA7BD744EE9','2024-11-24 00:00:00',1,'North Leigh',5);
INSERT INTO "Fixture" VALUES ('59D73C10-3A53-438A-8C22-B4D725538910','2D1343B6-45C0-4F75-9F32-BEA7BD744EE9','2024-12-08 00:00:00',0,'Marlow Dukes',5);
INSERT INTO "Fixture" VALUES ('19B67BED-3B57-458F-A8B9-473B327266AE','2D1343B6-45C0-4F75-9F32-BEA7BD744EE9','2025-01-05 00:00:00',1,'Chinnor',5);
INSERT INTO "Fixture" VALUES ('BE38ED70-9640-4512-81AE-1537872ED8F1','2D1343B6-45C0-4F75-9F32-BEA7BD744EE9','2025-01-19 00:00:00',0,'Headington Butchers',5);
INSERT INTO "Fixture" VALUES ('FDC38FEC-0B1D-4EC6-B29E-420A37851791','2D1343B6-45C0-4F75-9F32-BEA7BD744EE9','2025-02-02 00:00:00',0,'Hazlemere Sports Athletic',5);
INSERT INTO "Fixture" VALUES ('57335270-846D-46CB-A040-AA1ABA0A98B8','2D1343B6-45C0-4F75-9F32-BEA7BD744EE9','2025-03-03 00:00:00',0,'Goring United GOB',5);
INSERT INTO "Fixture" VALUES ('40095AB3-2523-4663-B89A-83EAE0A450D5','2D1343B6-45C0-4F75-9F32-BEA7BD744EE9','2025-03-16 00:00:00',1,'Chilsley',5);
INSERT INTO "Fixture" VALUES ('F1B57FF9-4D10-4B8C-B705-CD3D9F16A445','2D1343B6-45C0-4F75-9F32-BEA7BD744EE9','2025-04-16 00:00:00',0,'North Leigh',5);
INSERT INTO "Fixture" VALUES ('AF429965-93C6-4F00-B4BB-9488AD02641D','2D1343B6-45C0-4F75-9F32-BEA7BD744EE9','2025-04-27 00:00:00',1,'Marlow Dukes',5);
INSERT INTO "Fixture" VALUES ('3D427C0F-AB3C-46B7-AC34-73802282037F','2D1343B6-45C0-4F75-9F32-BEA7BD744EE9','2025-05-12 00:00:00',0,'Chinnor',5);
INSERT INTO "Fixture" VALUES ('4D8679DC-7056-4663-BB79-D8BA2E91F83E','B2CD4657-C358-4EB6-AEED-26BEDC6E0778','2024-09-08 00:00:00',0,'Frontline',1);
INSERT INTO "Fixture" VALUES ('623F93EE-35AC-4D22-B81A-4790292D698B','B2CD4657-C358-4EB6-AEED-26BEDC6E0778','2024-09-15 00:00:00',1,'Thame United Green',1);
INSERT INTO "Fixture" VALUES ('EA9047EC-A4E0-4B1D-A13B-5251D38D3737','B2CD4657-C358-4EB6-AEED-26BEDC6E0778','2024-10-06 00:00:00',0,'Marlow United',1);
INSERT INTO "Fixture" VALUES ('A5430D0C-1D18-4766-9142-FAD24037B7C5','B2CD4657-C358-4EB6-AEED-26BEDC6E0778','2024-10-20 00:00:00',0,'Holmer Green Minors Hawks',1);
INSERT INTO "Fixture" VALUES ('ADDF22AB-B4B2-47B0-9080-2EB895740AB9','B2CD4657-C358-4EB6-AEED-26BEDC6E0778','2024-10-27 00:00:00',0,'Berkhamsted Raiders Youh Blue',1);
INSERT INTO "Fixture" VALUES ('C9A1E5D8-B9A9-4F90-A7DA-76BA6F3C01B2','C573DF6A-0519-46CE-A20A-F6FBABFBE9B1','2024-09-08 00:00:00',1,'Marlow United',1);
INSERT INTO "Fixture" VALUES ('4A5ABDE5-7771-4F7C-9FED-1D128053C60E','C573DF6A-0519-46CE-A20A-F6FBABFBE9B1','2024-09-15 00:00:00',0,'Thame United Red',1);
INSERT INTO "Fixture" VALUES ('4D1C0B31-533A-4146-AECB-8F3803023940','C573DF6A-0519-46CE-A20A-F6FBABFBE9B1','2024-10-06 00:00:00',1,'Stoke Mandeville Stags Sky',1);
INSERT INTO "Fixture" VALUES ('4435A63C-E447-4DCD-AD1D-A47A12561E38','C573DF6A-0519-46CE-A20A-F6FBABFBE9B1','2024-10-13 00:00:00',0,'Taplow United Youth Clarets',1);
INSERT INTO "Fixture" VALUES ('CE787429-068F-4BEE-B3DA-F203639BF541','C573DF6A-0519-46CE-A20A-F6FBABFBE9B1','2024-10-20 00:00:00',1,'Hughenden Valley',1);
INSERT INTO "Fixture" VALUES ('A390F7B6-ABF1-4895-8EBC-628422ED55BE','C573DF6A-0519-46CE-A20A-F6FBABFBE9B1','2024-10-27 00:00:00',1,'Frontline',1);
INSERT INTO "Fixture" VALUES ('9B65B472-C287-493B-B6A9-C74011CA2A40','3E8D4C98-5BE8-4023-8B3E-028D4A657E93','2024-09-08 00:00:00',1,'Ruislip Rangers Blues',1);
INSERT INTO "Fixture" VALUES ('FBD06EEC-D793-486A-8900-0F79B9A8897E','3E8D4C98-5BE8-4023-8B3E-028D4A657E93','2024-09-15 00:00:00',1,'HYC Community FC Kites',1);
INSERT INTO "Fixture" VALUES ('4DB6DB03-E580-4040-A589-B9A8D818080C','3E8D4C98-5BE8-4023-8B3E-028D4A657E93','2024-09-29 00:00:00',0,'Gerrards Cross & Fulmer Lions',1);
INSERT INTO "Fixture" VALUES ('8891FB08-2417-40F0-985B-269581417976','3E8D4C98-5BE8-4023-8B3E-028D4A657E93','2024-10-06 00:00:00',1,'Totteridge ',1);
INSERT INTO "Fixture" VALUES ('9EA6620F-2547-4324-A4FD-8A9EA20B747D','3E8D4C98-5BE8-4023-8B3E-028D4A657E93','2024-10-13 00:00:00',0,'Harefield United Youth',1);
INSERT INTO "Fixture" VALUES ('AFB41723-A269-4749-A0B3-03606EAFD81F','3E8D4C98-5BE8-4023-8B3E-028D4A657E93','2024-10-20 00:00:00',1,'Townmead Youth White',1);
INSERT INTO "Fixture" VALUES ('76400741-4C0B-4BFE-B007-870FF549C6DF','167C2559-B70B-4BC0-8CE9-74DC00A8E596','2024-09-25 00:00:00',1,'Abingdon United FC Veterans',1);
INSERT INTO "Fixture" VALUES ('B7CBEF00-CDDB-421C-A8FA-8DB2E9C114C3','167C2559-B70B-4BC0-8CE9-74DC00A8E596','2024-10-09 00:00:00',0,'Woodley United Veterans',1);
INSERT INTO "Fixture" VALUES ('AD1B5BE7-AD12-4B72-B9AF-B3E5E315B3AF','167C2559-B70B-4BC0-8CE9-74DC00A8E596','2024-10-23 00:00:00',1,'Faringdon Town Vets',1);
INSERT INTO "Fixture" VALUES ('19DEA691-0EDA-4A8B-96AD-80D384736047','167C2559-B70B-4BC0-8CE9-74DC00A8E596','2024-11-06 00:00:00',0,'Watlington Town Veterans Wanderers',1);
INSERT INTO "Fixture" VALUES ('6FBB123F-BF10-4EBC-9A15-404F5E9BDD26','167C2559-B70B-4BC0-8CE9-74DC00A8E596','2024-11-13 00:00:00',1,'Flackwell Heath FC Veterans',1);
INSERT INTO "Fixture" VALUES ('73913174-260F-4E79-B76D-EA04FEC52CF4','167C2559-B70B-4BC0-8CE9-74DC00A8E596','2024-11-27 00:00:00',1,'Marston Saints Vets',1);
INSERT INTO "Fixture" VALUES ('EAF63A90-98CB-4A04-9AF4-65E1D95A9A09','167C2559-B70B-4BC0-8CE9-74DC00A8E596','2024-12-11 00:00:00',0,'Abingdon United FC Veterans',1);
INSERT INTO "Fixture" VALUES ('7200438E-F8E2-4509-9C2F-B2AF9E050D94','167C2559-B70B-4BC0-8CE9-74DC00A8E596','2024-12-18 00:00:00',1,'Woodley United Veterans',1);
INSERT INTO "Fixture" VALUES ('0E55B5C1-BBB6-4B9F-ADF0-36796E4D1DE9','167C2559-B70B-4BC0-8CE9-74DC00A8E596','2025-01-22 00:00:00',0,'Faringdon Town Vets',1);
INSERT INTO "Fixture" VALUES ('7974C933-C4C4-4A6F-A294-72A39E99ED80','167C2559-B70B-4BC0-8CE9-74DC00A8E596','2025-02-05 00:00:00',1,'Watlington Town Veterans Wanderers',1);
INSERT INTO "Fixture" VALUES ('9B6AF368-B020-4A7F-80B8-D7F338C797ED','167C2559-B70B-4BC0-8CE9-74DC00A8E596','2025-02-05 00:00:00',0,'Marston Saints Vets',1);
INSERT INTO "Fixture" VALUES ('CB1D5392-25D8-4D4C-B8BD-528F8D766997','167C2559-B70B-4BC0-8CE9-74DC00A8E596','2025-02-12 00:00:00',0,'Flackwell Heath FC Veterans',1);
INSERT INTO "Fixture" VALUES ('8073EF07-2B33-44A8-ABA5-973213E13143','2B1F4F82-5CF4-411E-B1CF-30F6F5D1BEAC','2024-09-08 00:00:00',1,'Prestwood Colts & Girls Colts',1);
INSERT INTO "Fixture" VALUES ('AE1DE8AD-CF65-4FC5-AE4D-AC84A05F77B9','2B1F4F82-5CF4-411E-B1CF-30F6F5D1BEAC','2024-09-15 00:00:00',0,'Beaconsfield Town Youth Hawks',1);
INSERT INTO "Fixture" VALUES ('6E4972BD-19B2-47FA-817B-AAA513FCD802','2B1F4F82-5CF4-411E-B1CF-30F6F5D1BEAC','2024-09-22 00:00:00',1,'Slough Town Junior',1);
INSERT INTO "Fixture" VALUES ('4CEA4D1B-6583-4D8B-AD48-2DB32587F5B0','2B1F4F82-5CF4-411E-B1CF-30F6F5D1BEAC','2024-09-29 00:00:00',0,'Wendover Junior Juniors',1);
INSERT INTO "Fixture" VALUES ('8B8E844B-62DD-405A-B58E-D7AF3D7D1D21','2B1F4F82-5CF4-411E-B1CF-30F6F5D1BEAC','2024-10-06 00:00:00',1,'Explorers Blues',1);
INSERT INTO "Fixture" VALUES ('C9FCADAB-0FE3-41D9-B568-26666769DA36','2B1F4F82-5CF4-411E-B1CF-30F6F5D1BEAC','2024-10-13 00:00:00',0,'Risborough Rangers Juniors',1);
INSERT INTO "Fixture" VALUES ('B1274824-459E-4BD6-A4FA-3DCC572A1B08','2B1F4F82-5CF4-411E-B1CF-30F6F5D1BEAC','2024-10-20 00:00:00',1,'Penn & Tylers Green',1);
INSERT INTO "Fixture" VALUES ('BD6367C1-608F-4371-8829-4FC13A12F01C','2B1F4F82-5CF4-411E-B1CF-30F6F5D1BEAC','2024-10-27 00:00:00',0,'Ruislip Rangers Reds',1);
INSERT INTO "Fixture" VALUES ('1F0E8070-1333-40A4-8227-FFAF4D540E54','799DBF7F-8B38-4EF8-BFC8-1ED472E2E59B','2024-09-08 00:00:00',0,'FC Holyport Lions',1);
INSERT INTO "Fixture" VALUES ('A782F8CD-BAE1-4AC9-99C6-3001E19DAFD5','799DBF7F-8B38-4EF8-BFC8-1ED472E2E59B','2024-09-15 00:00:00',1,'Penn & Tylers Green Rangers',1);
INSERT INTO "Fixture" VALUES ('F8B66125-8F77-4975-8802-D2355DDAA20D','799DBF7F-8B38-4EF8-BFC8-1ED472E2E59B','2024-09-22 00:00:00',0,'Marlow United Panthers',1);
INSERT INTO "Fixture" VALUES ('8F5682A7-1FFD-4D27-B7C1-9F2B843AEAFD','799DBF7F-8B38-4EF8-BFC8-1ED472E2E59B','2024-09-29 00:00:00',1,'Chalfont Saints Hornets',1);
INSERT INTO "Fixture" VALUES ('2C308206-F8A2-4399-8DD3-B77A01BB8832','799DBF7F-8B38-4EF8-BFC8-1ED472E2E59B','2024-10-06 00:00:00',0,'Crendon Corinthians Youth',1);
INSERT INTO "Fixture" VALUES ('D9BA52DD-DE48-4DF2-B3E5-00B4FE2AF077','799DBF7F-8B38-4EF8-BFC8-1ED472E2E59B','2024-10-27 00:00:00',1,'Marlow United Panthers',1);
INSERT INTO "Fixture" VALUES ('C73BC3E5-A796-433D-9352-E777FFEC15A4','D3A71B3D-9125-4A51-A0B8-B0455B6BC0E0','2024-09-08 00:00:00',0,'Holmer Green Minors Falcons',1);
INSERT INTO "Fixture" VALUES ('E5381DB7-E7CE-4014-9E14-5BFA747A9E79','D3A71B3D-9125-4A51-A0B8-B0455B6BC0E0','2024-09-15 00:00:00',1,'Pitstone & Ivinghoe Junior PIFC U14',1);
INSERT INTO "Fixture" VALUES ('4A3EDCDD-4C04-4EC2-BC9B-E1C2A20E3AA7','D3A71B3D-9125-4A51-A0B8-B0455B6BC0E0','2024-09-22 00:00:00',1,'Aylesbury Vale Dynamos Colts',1);
INSERT INTO "Fixture" VALUES ('31838CBF-6DE5-4076-B3F4-CFA7C5EF34B5','D3A71B3D-9125-4A51-A0B8-B0455B6BC0E0','2024-10-06 00:00:00',1,'Ruislip Rangers Greens',1);
INSERT INTO "Fixture" VALUES ('12705422-C70A-478A-92A1-CD7A42756037','D3A71B3D-9125-4A51-A0B8-B0455B6BC0E0','2024-10-20 00:00:00',1,'Beaconsfield Town Youth Colts',1);
INSERT INTO "Fixture" VALUES ('BEBAB821-75F8-4C41-8729-EDF79C387C97','D3A71B3D-9125-4A51-A0B8-B0455B6BC0E0','2024-10-27 00:00:00',0,'Tring Tornadoes Jaguars',1);
INSERT INTO "Fixture" VALUES ('C93E86C1-1370-40DE-B23B-8E2BE72F3BC7','541C6A5B-5F6C-4D8B-BF8C-00AC6F454544','2024-09-15 00:00:00',1,'Hughenden Hawks U14 Hawks',1);
INSERT INTO "Fixture" VALUES ('3E8F6F20-D9EC-4DB2-9C32-E142BBCC5610','541C6A5B-5F6C-4D8B-BF8C-00AC6F454544','2024-10-06 00:00:00',0,'Risborough Rangers Juniors Celtic',1);
INSERT INTO "Fixture" VALUES ('9B9F50F9-F049-4D28-AC65-B123C417AB6B','541C6A5B-5F6C-4D8B-BF8C-00AC6F454544','2024-10-13 00:00:00',1,'Marlow United Jaguars',1);
INSERT INTO "Fixture" VALUES ('8726870E-86F6-4A0D-BC40-5FE5EC24056A','541C6A5B-5F6C-4D8B-BF8C-00AC6F454544','2024-10-20 00:00:00',1,'Downley Dynamos Juniors Green',1);
INSERT INTO "Fixture" VALUES ('20A4D84F-B02C-4827-A9ED-0B9E4102BF60','541C6A5B-5F6C-4D8B-BF8C-00AC6F454544','2024-10-27 00:00:00',0,'Holmer Green Minors Kites',1);
INSERT INTO "Fixture" VALUES ('B0FF033C-EB95-4823-BA57-3F4D19C84825','FECA2633-2333-41AD-81E4-6D8E21A514AB','2024-09-08 00:00:00',0,'Chinnor Youth Kites',1);
INSERT INTO "Fixture" VALUES ('5D8B6A70-0D2C-4A4B-AF13-014474B64C5A','FECA2633-2333-41AD-81E4-6D8E21A514AB','2024-09-22 00:00:00',1,'Elmhurst',1);
INSERT INTO "Fixture" VALUES ('ADA61D97-A9B9-4166-8041-8006CEB1C8D7','FECA2633-2333-41AD-81E4-6D8E21A514AB','2024-09-29 00:00:00',0,'Wycombe Town Juve',1);
INSERT INTO "Fixture" VALUES ('02E97566-294A-4D23-906B-53B3701C6200','FECA2633-2333-41AD-81E4-6D8E21A514AB','2024-10-06 00:00:00',1,'Thame United Red',1);
INSERT INTO "Fixture" VALUES ('BA5C30DA-B0C6-417F-A226-FE913E4C8428','FECA2633-2333-41AD-81E4-6D8E21A514AB','2024-10-13 00:00:00',0,'Aylesbury Town Corinthians',1);
INSERT INTO "Fixture" VALUES ('CCCE864F-365C-4417-BC5C-A4F27977ED2C','FECA2633-2333-41AD-81E4-6D8E21A514AB','2024-10-27 00:00:00',0,'Burnham Junior Whites',1);
INSERT INTO "Fixture" VALUES ('87B9AF42-CFD3-4F64-A7EF-9A0F3191FFDA','A379E3D4-96C7-4D20-A9DB-CDA0F6E38A91','2024-09-08 00:00:00',0,'Crendon Corinthians Youth',1);
INSERT INTO "Fixture" VALUES ('08B441E3-0E2E-4C66-81AA-DAF989E109B1','A379E3D4-96C7-4D20-A9DB-CDA0F6E38A91','2024-09-15 00:00:00',1,'Prestwood Colts & Girls Colts',1);
INSERT INTO "Fixture" VALUES ('DF93683D-8411-4D12-AD96-5CA7E768AB36','A379E3D4-96C7-4D20-A9DB-CDA0F6E38A91','2024-09-22 00:00:00',0,'Wendover Junior Youth',1);
INSERT INTO "Fixture" VALUES ('E6785530-8DC5-4331-AEC6-F1DB92F026D3','A379E3D4-96C7-4D20-A9DB-CDA0F6E38A91','2024-09-29 00:00:00',1,'Chinnor Youth Kites',1);
INSERT INTO "Fixture" VALUES ('7F4606AB-A931-423C-87F3-27E1B09D1961','A379E3D4-96C7-4D20-A9DB-CDA0F6E38A91','2024-10-06 00:00:00',0,'Thame United',1);
INSERT INTO "Fixture" VALUES ('AA6A5BEA-83CD-4416-8679-FC93098FDA22','A379E3D4-96C7-4D20-A9DB-CDA0F6E38A91','2024-10-13 00:00:00',1,'Elmhurst',1);
INSERT INTO "Fixture" VALUES ('67C234F3-5325-4D7B-935D-554A02F76455','92C2FB3C-0888-4878-A7EF-4F54C4EB358A','2024-09-08 00:00:00',0,'Chinnor Youth',1);
INSERT INTO "Fixture" VALUES ('7186D501-3DE4-4627-82CB-317E25A450D7','92C2FB3C-0888-4878-A7EF-4F54C4EB358A','2024-09-15 00:00:00',0,'Ruislip Rangers Greens',3);
INSERT INTO "Fixture" VALUES ('D3A730C4-2B67-40FD-BE57-37E15AECF48E','92C2FB3C-0888-4878-A7EF-4F54C4EB358A','2024-09-22 00:00:00',1,'Downley Dynamos Juniors Greens',1);
INSERT INTO "Fixture" VALUES ('9E78C2D9-DBC3-4773-AF28-F2D09CEF033D','92C2FB3C-0888-4878-A7EF-4F54C4EB358A','2024-09-29 00:00:00',0,'Marlow Town',1);
INSERT INTO "Fixture" VALUES ('0F287DF8-E3D7-4AFE-92F9-A520D1C80E20','92C2FB3C-0888-4878-A7EF-4F54C4EB358A','2024-10-06 00:00:00',1,'FC Holyport Warriors',1);
INSERT INTO "Fixture" VALUES ('2AD0EF6C-B2B8-4266-97A8-B7285A31EE70','92C2FB3C-0888-4878-A7EF-4F54C4EB358A','2024-10-13 00:00:00',1,'Burnham Junior Whites',1);
INSERT INTO "Fixture" VALUES ('975B0916-9F66-4DD0-B979-8F4B3FEEBCA1','92C2FB3C-0888-4878-A7EF-4F54C4EB358A','2024-10-27 00:00:00',0,'Totteridge',1);
INSERT INTO "Fixture" VALUES ('C6618EEB-3C4D-48CD-B03E-BBCB2C5A1699','DADB6E11-0EFD-4E86-BAAD-4DC412194D2B','2024-09-08 00:00:00',0,'Maidenhead United CT Juniors Jets',1);
INSERT INTO "Fixture" VALUES ('8D15E65A-3C8A-4145-9A14-AAA9B35C8792','DADB6E11-0EFD-4E86-BAAD-4DC412194D2B','2024-09-15 00:00:00',1,'Harefield United Youth',1);
INSERT INTO "Fixture" VALUES ('C9340A48-F6A1-47F6-A6BC-6185ADCC2713','DADB6E11-0EFD-4E86-BAAD-4DC412194D2B','2024-09-22 00:00:00',1,'Prestwood Colts & Girls Colts',1);
INSERT INTO "Fixture" VALUES ('33D6B06F-FF20-4E6B-AA29-CA5B0019E023','DADB6E11-0EFD-4E86-BAAD-4DC412194D2B','2024-09-29 00:00:00',0,'Harefield United Youth',1);
INSERT INTO "Fixture" VALUES ('A5A9C329-42C6-4AAF-9075-17A1D1B96FE8','DADB6E11-0EFD-4E86-BAAD-4DC412194D2B','2024-10-20 00:00:00',0,'Westwood Park Vikings',1);
INSERT INTO "Fixture" VALUES ('22DE0368-94E7-41E3-92DC-64C83EAD1E01','DADB6E11-0EFD-4E86-BAAD-4DC412194D2B','2024-10-27 00:00:00',1,'Maidenhead United CT Juniors Jets',1);
INSERT INTO "Fixture" VALUES ('1412123A-B280-401A-8DDF-6E901AD72B28','B2A9F265-7211-4BCC-ABA6-76D8C010DFDB','2024-09-15 00:00:00',1,'Naphill',1);
INSERT INTO "Fixture" VALUES ('5425A579-72AF-49A5-A740-A4D9FE2EAA13','B2A9F265-7211-4BCC-ABA6-76D8C010DFDB','2024-09-29 00:00:00',1,'Thame United Red',1);
INSERT INTO "Fixture" VALUES ('F8B229FF-E475-4A17-9D50-2CE94A6BAD6E','B2A9F265-7211-4BCC-ABA6-76D8C010DFDB','2024-10-06 00:00:00',0,'Chesham United (Youth) Clarets',1);
INSERT INTO "Fixture" VALUES ('F7ED1835-E197-4D35-8B07-41D4010339A6','B2A9F265-7211-4BCC-ABA6-76D8C010DFDB','2024-10-20 00:00:00',0,'Aston Clinton Colts JFC ',1);
INSERT INTO "Fixture" VALUES ('2183089B-410A-485F-89E8-40F4A929F213','B2A9F265-7211-4BCC-ABA6-76D8C010DFDB','2024-10-27 00:00:00',1,'Hughenden Hawks',1);
INSERT INTO "Fixture" VALUES ('243FA325-FB92-4B0A-A93F-F69C1069B890','6D834FC0-8448-4E13-973D-A2A102211854','2024-09-08 00:00:00',1,'Ruislip Rangers Claret',4);
INSERT INTO "Fixture" VALUES ('0A723E02-29DD-4570-98E4-02C11023A44A','6D834FC0-8448-4E13-973D-A2A102211854','2024-09-15 00:00:00',0,'Aylesbury Vale Dynamos',1);
INSERT INTO "Fixture" VALUES ('A0DEE37E-1A6B-4D5D-A915-5E321A39EC51','6D834FC0-8448-4E13-973D-A2A102211854','2024-09-29 00:00:00',0,'Thame United',1);
INSERT INTO "Fixture" VALUES ('68A29ADF-6F3D-4D53-A0A3-47F23242986A','6D834FC0-8448-4E13-973D-A2A102211854','2024-11-27 00:00:00',1,'Chesham United (Youth) Clarets',1);
INSERT INTO "Fixture" VALUES ('553F29F2-5246-490E-BA20-2EFE858ABEA5','0B07153E-B62D-4B67-9238-63701372AD8B','2024-09-08 00:00:00',0,'Didcot Town FC Women',5);
INSERT INTO "Fixture" VALUES ('BE557C5B-FD91-4C22-8A4A-9517C6351ACF','0B07153E-B62D-4B67-9238-63701372AD8B','2024-09-15 00:00:00',1,'Kingsclere Ladies',5);
INSERT INTO "Fixture" VALUES ('347F2E4F-D40C-43F0-BFCC-21977AEA9231','0B07153E-B62D-4B67-9238-63701372AD8B','2024-09-22 00:00:00',0,'Easington Sports Ladies',5);
INSERT INTO "Fixture" VALUES ('D4DDF3F7-5887-407A-8A26-BC76AFCC1B77','0B07153E-B62D-4B67-9238-63701372AD8B','2024-09-29 00:00:00',0,'Denham United Ladies Reserves',5);
INSERT INTO "Fixture" VALUES ('BBD51683-F72C-4069-8250-72FD0CF69EBB','0B07153E-B62D-4B67-9238-63701372AD8B','2024-10-06 00:00:00',1,'S4K FC Ladies',5);
INSERT INTO "Fixture" VALUES ('2335B64A-E837-4F5D-8BEF-848B17C927F7','0B07153E-B62D-4B67-9238-63701372AD8B','2024-10-13 00:00:00',1,'East Oxford Ladies',5);
INSERT INTO "Fixture" VALUES ('C903A567-36EB-428C-8011-9F8BFADD7F5F','0B07153E-B62D-4B67-9238-63701372AD8B','2024-10-27 00:00:00',0,'Caversham AFC Women',5);
INSERT INTO "Fixture" VALUES ('FA513746-F399-4E12-9B9F-2010AFD234BD','0B07153E-B62D-4B67-9238-63701372AD8B','2024-11-10 00:00:00',1,'Didcot Town FC Women',5);
INSERT INTO "Fixture" VALUES ('689717EE-CBC0-473F-A5C6-83EFC6AE9DDE','0B07153E-B62D-4B67-9238-63701372AD8B','2024-11-24 00:00:00',1,'Wantage Town FC Women',5);
INSERT INTO "Fixture" VALUES ('8D3FA865-68E0-4AA2-B83A-38F7B8231495','541C6A5B-5F6C-4D8B-BF8C-00AC6F454544','2024-09-08 00:00:00',0,'Maidenhead United CT U14 Juniors Colts',1);
INSERT INTO "Fixture" VALUES ('E1E95E86-7FF8-4457-A4DD-9BC57D1EEC41','8A18996C-0E4B-4409-97B8-74B7C32F5D13','2024-09-07 00:00:00',1,'Didcot Casuals Youth U12 Girls Blue',1);
INSERT INTO "Fixture" VALUES ('6C6DEE2F-B834-4FAE-8B7C-05BACE5C570D','5977FDF8-BDFA-4373-A883-A3BD40394D3D','2024-09-07 00:00:00',0,'Middleton Cheney U11 Middleton Cheney FC',1);
INSERT INTO "Fixture" VALUES ('DC171278-F957-4E3F-9179-BD211BA68502','5977FDF8-BDFA-4373-A883-A3BD40394D3D','2024-09-14 00:00:00',1,'Oxford City Women & Girls U11 Whites',1);
INSERT INTO "Fixture" VALUES ('2B70A206-CF93-4444-9E03-35B2BE9953DC','5977FDF8-BDFA-4373-A883-A3BD40394D3D','2024-09-21 00:00:00',1,'Faringdon Town U11 Girls',1);
INSERT INTO "Fixture" VALUES ('995D93E3-2195-4409-8FBA-10624F3C04EF','5977FDF8-BDFA-4373-A883-A3BD40394D3D','2024-09-28 00:00:00',0,'St Edmunds U11 Lionesses Girls',1);
INSERT INTO "Fixture" VALUES ('8C1F0B93-19FA-4ED3-A5CF-1809DC5B4746','5977FDF8-BDFA-4373-A883-A3BD40394D3D','2024-10-05 00:00:00',1,'Chipping Norton Swifts U11 Girls',1);
INSERT INTO "Fixture" VALUES ('CE4EDEEC-FC02-4D8B-BA86-5ADFD020B74D','5977FDF8-BDFA-4373-A883-A3BD40394D3D','2024-10-12 00:00:00',0,'Tower Hill Ladies & Girls U11 Tower Hill',1);
INSERT INTO "Fixture" VALUES ('0CF9474C-93F9-4184-BEAF-FEB1E6338F2F','5977FDF8-BDFA-4373-A883-A3BD40394D3D','2024-10-19 00:00:00',0,'Banbury United FC U11 Girls',1);
INSERT INTO "Fixture" VALUES ('7F1BDE2D-7257-4937-8F76-3952A791F132','E489CBA0-775E-43E9-B295-BDCF6F0DF14E','2024-09-08 00:00:00',1,'Woodley Wanderers and Youth U21 Reds',1);
INSERT INTO "Fixture" VALUES ('C9354F07-82A3-411D-8BEE-710BF6057120','E489CBA0-775E-43E9-B295-BDCF6F0DF14E','2024-09-15 00:00:00',1,'Wallingford & Crowmarsh FC U21',1);
INSERT INTO "Fixture" VALUES ('93437041-FC35-43EC-94B4-2D3C9634DD32','E489CBA0-775E-43E9-B295-BDCF6F0DF14E','2024-09-22 00:00:00',0,'Bicester Park FC U21',1);
INSERT INTO "Fixture" VALUES ('DD1F9B04-0EDD-45D8-8E2A-C26D1F9F362E','E489CBA0-775E-43E9-B295-BDCF6F0DF14E','2024-10-06 00:00:00',1,'Hagbourne United U21',1);
INSERT INTO "Fixture" VALUES ('D26E5826-1388-46B7-87F1-C0C22D2FD7DC','E489CBA0-775E-43E9-B295-BDCF6F0DF14E','2024-10-13 00:00:00',0,'Banbury United Youth U21 United',1);
INSERT INTO "Fixture" VALUES ('DA1C2F80-186A-4769-BB34-2FDDA124F971','E489CBA0-775E-43E9-B295-BDCF6F0DF14E','2024-10-20 00:00:00',0,'Bletchington AFC U21',1);
INSERT INTO "Fixture" VALUES ('D994C147-FF16-4199-9ABB-698F4D511FFC','E489CBA0-775E-43E9-B295-BDCF6F0DF14E','2024-11-10 00:00:00',0,'Bullingdon Youth U21 Warriors',1);
INSERT INTO "Fixture" VALUES ('B0D940C7-907E-4195-8760-7A8EAB5A73CA','E489CBA0-775E-43E9-B295-BDCF6F0DF14E','2024-11-17 00:00:00',0,'Hinksey Park U21 Hurricanes',1);
INSERT INTO "Fixture" VALUES ('7AB8C00C-FA14-4240-85C9-6B5EC003A832','428CA1FE-551E-4142-BA2E-745E4F80B11A','2024-09-08 00:00:00',0,'Aylesbury Vale Dynamos',1);
INSERT INTO "Fixture" VALUES ('180B01BC-8F8C-4342-BE81-F4395F1B0AB3','428CA1FE-551E-4142-BA2E-745E4F80B11A','2024-09-15 00:00:00',1,'Tring Tornadoes Blue & Red',1);
INSERT INTO "Fixture" VALUES ('791B3721-0CA8-412C-8A35-7EC51F325495','428CA1FE-551E-4142-BA2E-745E4F80B11A','2024-09-22 00:00:00',0,'Risborough Rangers',1);
INSERT INTO "Fixture" VALUES ('B1E4977D-0B1E-4742-B617-963BBC3B7446','428CA1FE-551E-4142-BA2E-745E4F80B11A','2024-09-29 00:00:00',0,'Penn & Tylers Green FC',1);
INSERT INTO "Fixture" VALUES ('5472E824-3407-4F54-A7C6-ED01C5ED2AE0','428CA1FE-551E-4142-BA2E-745E4F80B11A','2024-10-13 00:00:00',1,'Aylesbury Utd Juniors Ducks',1);
INSERT INTO "Fixture" VALUES ('EFEDC030-7A45-48A8-AFE1-C8D11CD2CBE1','428CA1FE-551E-4142-BA2E-745E4F80B11A','2024-10-20 00:00:00',0,'Maidenhead Utd Juniors Blacks & Whites',1);
INSERT INTO "Fixture" VALUES ('1E27A660-8A51-4996-9535-ED8901A0E530','428CA1FE-551E-4142-BA2E-745E4F80B11A','2024-11-10 00:00:00',0,'Beaconsfield Town Youth',1);
INSERT INTO "Fixture" VALUES ('1067A9DB-7CA9-435D-8FF1-1EF2D35A9945','428CA1FE-551E-4142-BA2E-745E4F80B11A','2024-11-17 00:00:00',1,'Marlow Utd Tigers',1);
INSERT INTO "Fixture" VALUES ('73391DFA-4D7E-45F4-B8B2-A39238B25825','428CA1FE-551E-4142-BA2E-745E4F80B11A','2024-11-24 00:00:00',0,'Downley Dynamos Colts ',1);
INSERT INTO "Fixture" VALUES ('2FC65D93-328A-4154-8DAE-F97AD49BF570','428CA1FE-551E-4142-BA2E-745E4F80B11A','2024-12-01 00:00:00',1,'Chinnor Youth',1);
INSERT INTO "Fixture" VALUES ('BE1EA8F1-6170-4BD1-AB4C-1EC37B18180D','428CA1FE-551E-4142-BA2E-745E4F80B11A','2024-12-08 00:00:00',1,'Penn & Tylers Green FC',1);
INSERT INTO "Fixture" VALUES ('0CBF472D-22FD-4D8C-93AF-0941A1FCE0E2','428CA1FE-551E-4142-BA2E-745E4F80B11A','2024-12-15 00:00:00',0,'Tring Tornadoes Blue & Red',1);
INSERT INTO "Fixture" VALUES ('163F0CAE-3C36-4208-9123-28FCCB7C81D0','A1B66023-8095-4CB2-A4F0-E77DDE36DEE6','2024-09-08 00:00:00',0,'Ruislip Rangers Blues',1);
INSERT INTO "Fixture" VALUES ('685E22A1-FEA2-466C-8772-8B1545D5C5E0','A1B66023-8095-4CB2-A4F0-E77DDE36DEE6','2024-09-15 00:00:00',0,'Tring Tornadoes Green & Orange',1);
INSERT INTO "Fixture" VALUES ('76733D96-1266-4E9E-A2C1-0F4B6A386005','A1B66023-8095-4CB2-A4F0-E77DDE36DEE6','2024-09-22 00:00:00',1,'Marlow Youth',1);
INSERT INTO "Fixture" VALUES ('A558B66B-D450-4F5E-AAC4-B22B5A9D0784','A1B66023-8095-4CB2-A4F0-E77DDE36DEE6','2024-09-29 00:00:00',1,'Marlow Utd Lions',1);
INSERT INTO "Fixture" VALUES ('CF0A024B-00AE-44B8-A33B-57231677313A','A1B66023-8095-4CB2-A4F0-E77DDE36DEE6','2024-10-06 00:00:00',0,'Wendover Juniors',1);
INSERT INTO "Fixture" VALUES ('E34E57C7-CB5B-4BE8-9D0D-326E86E5895D','A1B66023-8095-4CB2-A4F0-E77DDE36DEE6','2024-10-13 00:00:00',0,'Aylesbury Utd White/ Aylesbury Athletic Gold',1);
INSERT INTO "Fixture" VALUES ('F0E316E4-2947-490F-BC78-8271E801C313','A1B66023-8095-4CB2-A4F0-E77DDE36DEE6','2024-10-20 00:00:00',1,'Chesham Athletic Hawks/Eagles',1);
INSERT INTO "Fixture" VALUES ('73883CBD-CC6F-4005-B103-F645FFCF664C','A1B66023-8095-4CB2-A4F0-E77DDE36DEE6','2024-11-10 00:00:00',1,'Beaconsfield Town Youth Yellow/ Henley Utd Suns',1);
INSERT INTO "Fixture" VALUES ('D43675EA-DE2A-49F8-8FAB-156BE567F688','A1B66023-8095-4CB2-A4F0-E77DDE36DEE6','2024-11-17 00:00:00',0,'Flackwell Heath Scorpions',1);
INSERT INTO "Fixture" VALUES ('FC4C07DE-3965-47DA-9F75-D0987C10CCF7','A1B66023-8095-4CB2-A4F0-E77DDE36DEE6','2024-11-24 00:00:00',1,'Hughenden Valley / Totteridge',1);
INSERT INTO "Fixture" VALUES ('CBA1D73B-7A22-49C3-9511-85FA18D80007','A1B66023-8095-4CB2-A4F0-E77DDE36DEE6','2024-12-01 00:00:00',1,'Downley Dynamos White',1);
INSERT INTO "Fixture" VALUES ('FB117FB9-0EFF-4D22-A104-57CBD35BD0FC','A1B66023-8095-4CB2-A4F0-E77DDE36DEE6','2024-12-08 00:00:00',1,'Ruislip Rangers Blues',1);
INSERT INTO "Fixture" VALUES ('66C908BD-532F-4DD8-87DF-758F82C7AACC','A1B66023-8095-4CB2-A4F0-E77DDE36DEE6','2024-12-15 00:00:00',1,'Tring Tornadoes Green & Orange',1);
INSERT INTO "Fixture" VALUES ('1A9A186E-FE52-4F81-A591-A38518C67F53','12B7A033-95D3-46A3-971A-906EDCAF068D','2024-08-31 00:00:00',0,'Abingdon Town',1);
INSERT INTO "Fixture" VALUES ('75ADA3CE-2EB7-4EEC-BABD-2F959BBABC5D','E003B8F0-3D73-4463-9DA3-87E44B401C06','2024-09-07 00:00:00',1,'Highworth Town FC U18 Girls',1);
INSERT INTO "Fixture" VALUES ('F7501A12-B8BD-45BF-B3D9-ED21D6542288','E003B8F0-3D73-4463-9DA3-87E44B401C06','2024-09-14 00:00:00',0,'Brackley Town U18 Juniors Girls',1);
INSERT INTO "Fixture" VALUES ('C7EF9FCA-7CD8-4DE5-880E-275AD7448559','E003B8F0-3D73-4463-9DA3-87E44B401C06','2024-09-21 00:00:00',1,'Barton United FC U18 Girls',1);
INSERT INTO "Fixture" VALUES ('DF302DB6-E070-4FAD-AA02-1D612E034F58','E003B8F0-3D73-4463-9DA3-87E44B401C06','2024-09-28 00:00:00',0,'Kidlington Youth Girls U18',1);
INSERT INTO "Fixture" VALUES ('8C3F4D02-C4C2-452F-B23C-0E299EADCEE4','E003B8F0-3D73-4463-9DA3-87E44B401C06','2024-10-05 00:00:00',1,'Oxford City Women & Girls U17',1);
INSERT INTO "Fixture" VALUES ('0378FF17-8B5D-410E-A8B4-EAC92BD26D8E','E003B8F0-3D73-4463-9DA3-87E44B401C06','2024-10-12 00:00:00',0,'Witney Vikings Youth U17 Wasps Girls',1);
INSERT INTO "Fixture" VALUES ('F7A6645B-A90F-4924-86F0-1B589A2770D1','E003B8F0-3D73-4463-9DA3-87E44B401C06','2024-10-19 00:00:00',1,'AFC Haydon Vale U17 Girls',1);
INSERT INTO "Fixture" VALUES ('E1FC3662-5591-43A9-AD5D-0B1C7158F8C9','E003B8F0-3D73-4463-9DA3-87E44B401C06','2024-10-26 00:00:00',1,'Abingdon United FC Girls u18',1);
INSERT INTO "Fixture" VALUES ('EBB21961-1BB9-4485-9066-8CFD7A5EB413','E003B8F0-3D73-4463-9DA3-87E44B401C06','2024-11-02 00:00:00',0,'Chesterton U18 Girls',1);
INSERT INTO "Fixture" VALUES ('272097C2-386E-462D-A6A4-A8A27171FE78','8F5E2280-B679-4F10-9F32-943EA49AFDED','2024-09-14 00:00:00',1,'Aylesbury Hearts FC',1);
INSERT INTO "Fixture" VALUES ('D1AB2701-FFBD-4A8A-93AF-F8CE49F83028','8F5E2280-B679-4F10-9F32-943EA49AFDED','2024-09-21 00:00:00',0,'Aylesbury FC First',1);
INSERT INTO "Fixture" VALUES ('FC22398A-3B8A-448D-80BD-509BF38E0FD3','95B9AB57-9F20-4665-B60B-52F9D8C038DB','2024-09-14 00:00:00',0,'Aylesbury Hornets Reserves',1);
INSERT INTO "Fixture" VALUES ('727CBBCB-12A4-466F-9616-BD5FF505DE09','95B9AB57-9F20-4665-B60B-52F9D8C038DB','2024-09-21 00:00:00',1,'Chearsley FC',1);
INSERT INTO "Fixture" VALUES ('5AE3212F-02ED-47D4-A88C-74533561A2A5','B2CD4657-C358-4EB6-AEED-26BEDC6E0778','2024-09-22 00:00:00',1,'Downley Dynamos Juniors Whites',2);
INSERT INTO "Fixture" VALUES ('3BB9B48E-BEC1-45AA-B098-82A2916372FE','3E8D4C98-5BE8-4023-8B3E-028D4A657E93','2024-09-22 00:00:00',0,'Gerrards Cross & Fulmer Lions',2);
INSERT INTO "Fixture" VALUES ('5B9C2CA1-74F3-4F10-BA29-027A44BAC333','5DBF9209-8044-4A70-943F-6A464856B83B','2024-12-08 00:00:00',1,'Aylesbury Vale Dynamos',2);
INSERT INTO "Fixture" VALUES ('68FF36B1-0041-46B8-B053-03DC1A44ADA6','541C6A5B-5F6C-4D8B-BF8C-00AC6F454544','2024-09-22 00:00:00',0,'Downley Dynamos Juniors Greens',2);
INSERT INTO "Fixture" VALUES ('DBB76A39-FBC1-4CF5-8617-6DD14A6CE29B','799DBF7F-8B38-4EF8-BFC8-1ED472E2E59B','2024-10-13 00:00:00',0,'Risborough Rangers Juniors Youth',2);
INSERT INTO "Fixture" VALUES ('4BFF8E77-EE79-4430-9352-7F9A6CE95A44','2B1F4F82-5CF4-411E-B1CF-30F6F5D1BEAC','2024-12-08 00:00:00',1,'Slough Town Junior',2);
INSERT INTO "Fixture" VALUES ('BC63BF1D-7D32-4E93-A270-0E2ECE1F2673','A379E3D4-96C7-4D20-A9DB-CDA0F6E38A91','2024-10-20 00:00:00',0,'Tring Tornadoes Chargers',2);
INSERT INTO "Fixture" VALUES ('8FDBBB22-C1E9-4E00-A754-B980B13DCA8F','FECA2633-2333-41AD-81E4-6D8E21A514AB','2024-10-20 00:00:00',1,'Penn & Tylers Green Rangers',2);
INSERT INTO "Fixture" VALUES ('CEF717BD-1B36-4A3A-B983-F19B2CB804AB','A379E3D4-96C7-4D20-A9DB-CDA0F6E38A91','2024-11-10 00:00:00',0,'Aylesbury Town Corinthians',2);
INSERT INTO "Fixture" VALUES ('8865DB9F-712F-4775-B6F7-4DB18F90BBFD','FECA2633-2333-41AD-81E4-6D8E21A514AB','2024-11-10 00:00:00',0,'TBC',2);
INSERT INTO "Fixture" VALUES ('6FB69F2F-9867-4751-B878-45319DD2F99D','92C2FB3C-0888-4878-A7EF-4F54C4EB358A','2024-10-20 00:00:00',0,'FC Holyport Warriors',2);
INSERT INTO "Fixture" VALUES ('457FA19C-BFFE-4F05-8634-B56C9CB9A204','DADB6E11-0EFD-4E86-BAAD-4DC412194D2B','2024-10-13 00:00:00',1,'Redkore Juniors',2);
INSERT INTO "Fixture" VALUES ('360597B6-A20B-4C05-AD72-AA52EFF4D283','DADB6E11-0EFD-4E86-BAAD-4DC412194D2B','2024-11-24 00:00:00',0,'TBC',2);
INSERT INTO "Fixture" VALUES ('931EB037-B93C-4621-B21D-B447069C4E02','6D834FC0-8448-4E13-973D-A2A102211854','2024-09-22 00:00:00',1,'Penn & Tylers Green ',2);
INSERT INTO "Fixture" VALUES ('FE4FC5C0-152D-429F-A89A-85DCF5EC07AA','B2A9F265-7211-4BCC-ABA6-76D8C010DFDB','2024-10-13 00:00:00',0,'Thame United Red',2);
INSERT INTO "Fixture" VALUES ('56A085C7-575C-48F9-B5FB-2C50830F56D1','6D834FC0-8448-4E13-973D-A2A102211854','2024-10-22 00:00:00',1,'Thame United',2);
INSERT INTO "Fixture" VALUES ('489BE522-3F9E-42EC-9578-A7F95DFE6D4F','B2A9F265-7211-4BCC-ABA6-76D8C010DFDB','2024-09-22 00:00:00',1,'Hughenden Valley Ospreys',2);
INSERT INTO "Fixture" VALUES ('49330CA5-5CE6-4ABA-AEEF-EC75383FC099','95B9AB57-9F20-4665-B60B-52F9D8C038DB','2024-09-07 00:00:00',1,'Quainton FC',1);
INSERT INTO "Fixture" VALUES ('80EE9C5E-13D2-4ED2-A537-19F4EE78FAB6','8F5E2280-B679-4F10-9F32-943EA49AFDED','2024-09-07 00:00:00',0,'Aylesbury Royals FC',1);
INSERT INTO "Fixture" VALUES ('F062F9BE-CC31-4621-BDF7-E49EFC66EEDF','B2A9F265-7211-4BCC-ABA6-76D8C010DFDB','2024-09-08 00:00:00',0,'Marlow Town',4);
INSERT INTO "Fixture" VALUES ('7F48C6EF-9D1D-4867-AA50-3DB6D003665A','FECA2633-2333-41AD-81E4-6D8E21A514AB','2024-09-15 00:00:00',0,'Wendover Junior Youth',1);
INSERT INTO "Fixture" VALUES ('CF201BDF-E809-4AA9-8430-13E6D1EAF643','19B3F37C-4530-4E37-9AAB-DB8638AEC354','2024-09-14 00:00:00',0,'Abingdon United FC U14 Girls',1);
INSERT INTO "Fixture" VALUES ('E6805A87-20DF-4926-9327-A622BF46D13D','167C2559-B70B-4BC0-8CE9-74DC00A8E596','2024-09-11 00:00:00',0,'Didcot Town FC Veterans Old Boys SSS',1);
INSERT INTO "TeamContact" VALUES ('7062FF43-8EE3-4E84-8380-987A0D2BCC42','7C647683-C185-45B0-BA46-24CA34A48A63','E7FCC89B-1762-4B1A-A69B-90EC9CB50CFB',0);
INSERT INTO "TeamContact" VALUES ('5BE1AC69-CC56-4CF1-8472-877C50019BFE','26B6B6BC-E62E-482E-AB62-EA2F563F7589','DADB6E11-0EFD-4E86-BAAD-4DC412194D2B',0);
INSERT INTO "TeamContact" VALUES ('8F091FAB-A3CC-4513-8591-B9D1E3C9B290','EC030CD6-36EE-4CB6-A4A6-83187838DFA6','DADB6E11-0EFD-4E86-BAAD-4DC412194D2B',1);
INSERT INTO "TeamContact" VALUES ('E061FD8D-F88E-4A7A-B99D-8C73D564161A','28A7E8C4-97E5-4844-B57B-EF618D416BDF','150DEF5B-487A-4633-AD06-13BEA0509685',0);
INSERT INTO "TeamContact" VALUES ('2445E11C-81D3-4ED5-831C-24C01A9C7E67','711D0B30-F7C1-49A1-851A-34A44B02FE12','B2CD4657-C358-4EB6-AEED-26BEDC6E0778',0);
INSERT INTO "TeamContact" VALUES ('04114D1F-8382-4AAF-A369-1888B370B86B','41B33242-E28D-4496-9302-2880251E9662','2B1F4F82-5CF4-411E-B1CF-30F6F5D1BEAC',0);
INSERT INTO "TeamContact" VALUES ('BE070C10-27FC-4DA0-BE3E-44F8041E88B0','3CB4A619-9F72-4028-B2A3-21F61234FB59','799DBF7F-8B38-4EF8-BFC8-1ED472E2E59B',0);
INSERT INTO "TeamContact" VALUES ('E32CB800-B958-46CA-B225-A82CB2709AB6','26A941FA-C6D9-4B1D-B200-DB969FCCE55B','D3A71B3D-9125-4A51-A0B8-B0455B6BC0E0',0);
INSERT INTO "TeamContact" VALUES ('AE72A46E-FCC9-460E-B790-6BAB51E96F2E','6ABBC374-1078-4801-9518-5F6C0ECBBF31','A379E3D4-96C7-4D20-A9DB-CDA0F6E38A91',0);
INSERT INTO "TeamContact" VALUES ('8918EFDB-5BE9-4B77-AFF4-12EFEA7F48C0','03EA5691-773B-48CA-8F52-AFE49A172B61','F97347ED-729E-4D7C-B418-7A9731CFAEE2',0);
INSERT INTO "TeamContact" VALUES ('BDCA8F84-47E1-40C5-B7B4-4E748B5C1F12','48DB45C1-FFD3-4318-AEEC-E639C98DC2EE','F97347ED-729E-4D7C-B418-7A9731CFAEE2',0);
INSERT INTO "TeamContact" VALUES ('96B29BD3-BF60-481A-ACD9-E78013D30FAD','410A9C8A-60C6-4A3B-896D-A9D7658AE1AC','2D1343B6-45C0-4F75-9F32-BEA7BD744EE9',0);
INSERT INTO "TeamContact" VALUES ('B2A16319-25C5-4434-B308-2F34583AA16B','095B11C5-2621-45A9-8BB2-D059E4136487','E489CBA0-775E-43E9-B295-BDCF6F0DF14E',0);
INSERT INTO "TeamContact" VALUES ('EA8C0711-8815-40B3-8CBD-BE33CE805712','0D17D6F6-AA2A-4C74-8D2D-A273D8B228C4','92C2FB3C-0888-4878-A7EF-4F54C4EB358A',0);
INSERT INTO "TeamContact" VALUES ('9E31BBF2-BE77-422A-A00C-C702575AAA65','BF813D01-76E9-4B88-9FE4-E1AE79DD61E9','B2A9F265-7211-4BCC-ABA6-76D8C010DFDB',0);
INSERT INTO "TeamContact" VALUES ('6E7C6E53-B7F7-480D-AEDF-B8EB1C04F3AC','D7C48712-098E-4A1E-B973-8160531B23AC','B2A9F265-7211-4BCC-ABA6-76D8C010DFDB',1);
INSERT INTO "TeamContact" VALUES ('90BAE982-BDBD-4CDB-9968-AF3F6BCDCCF9','52153D86-CB8A-4144-8134-327D489068C5','6D834FC0-8448-4E13-973D-A2A102211854',0);
INSERT INTO "TeamContact" VALUES ('FD062C89-0AB5-420D-9714-AB60FE6E41B2','95A1FA88-1AE5-4DE6-9B3F-7EAA4E799AFD','6D834FC0-8448-4E13-973D-A2A102211854',1);
INSERT INTO "TeamContact" VALUES ('768BD887-7681-484F-B004-7B540DDBD063','63692D64-2542-4DE4-BA93-F6EB8335C108','94C56E8A-6757-4B90-AC96-DCCD6D558019',0);
INSERT INTO "TeamContact" VALUES ('8DDC1A57-1074-4BBC-8697-BD45D7571E95','70389CDD-874F-46BD-846B-DB211C58CB61','94C56E8A-6757-4B90-AC96-DCCD6D558019',1);
INSERT INTO "TeamContact" VALUES ('C9195E88-2A10-48F8-8478-4E4B7B78C429','34421344-754F-416B-AD4F-835BBCA066C5','94C56E8A-6757-4B90-AC96-DCCD6D558019',1);
INSERT INTO "TeamContact" VALUES ('6CF4FC0C-BE89-45FB-88A0-D54C13DBC604','3D140E6A-DD75-4CC6-BECE-D1F5987D75F7','6C1ABCE0-7732-44B3-BBB8-256F7B55BBAD',0);
INSERT INTO "TeamContact" VALUES ('5F2475ED-B97E-4AA7-8914-D6F9864A0813','3D140E6A-DD75-4CC6-BECE-D1F5987D75F7','19B3F37C-4530-4E37-9AAB-DB8638AEC354',0);
INSERT INTO "TeamContact" VALUES ('44F99199-B71F-4960-91A9-3194CBD68662','7E75BEA4-B92F-4C9B-983E-64343B0F101F','0B4498B3-220D-4C06-BAFF-FA9F75FC3A8B',0);
INSERT INTO "TeamContact" VALUES ('95B6DF0B-BB20-4633-BFB9-F69F1AD8B630','479B6D43-D100-444E-A2E4-FD8192D7B407','ACE4E54E-7D6D-4A87-A053-4E5108C5992F',0);
INSERT INTO "TeamContact" VALUES ('3AFDE596-A214-49C6-9412-4716EF3F6A3C','63692D64-2542-4DE4-BA93-F6EB8335C108','ACE4E54E-7D6D-4A87-A053-4E5108C5992F',0);
INSERT INTO "TeamContact" VALUES ('EF3737DC-DFA2-45D6-B6F3-EE4C2AC8E265','0C2CD26F-C833-454F-B47C-B50A665FAC8A','541C6A5B-5F6C-4D8B-BF8C-00AC6F454544',0);
INSERT INTO "TeamContact" VALUES ('688AD2C5-4D03-4EF1-87EC-2AF521B7E0A0','2796AE6C-404C-43A0-BFC7-15DEAEC9383D','7C70B44C-BC41-4C06-9694-27A7239F8943',0);
INSERT INTO "TeamContact" VALUES ('D28A0CDD-D113-46B8-B49F-992752D6D0B3','8E3E9C5A-AA5B-4DAD-AA85-DD8B20303946','7C70B44C-BC41-4C06-9694-27A7239F8943',0);
INSERT INTO "TeamContact" VALUES ('F1A8FD19-97EB-4B2E-B221-E22110D772EA','86539CAB-A864-40CB-A933-F357E454E2E3','9F97C9B1-2FE6-4E57-A894-E011D6B4FF38',0);
INSERT INTO "TeamContact" VALUES ('6D71EC36-F7BC-404C-83FE-7B3A961340D8','3D140E6A-DD75-4CC6-BECE-D1F5987D75F7','56D82C7F-292C-4C19-8964-BE91760D76BD',0);
INSERT INTO "TeamContact" VALUES ('8B6917D5-8D9A-41E6-A44D-7C4B400CE865','A2237E66-E57E-46EE-B4AA-6127DA36019E','27DF8F4B-E01C-4FA1-97DA-0C989F223E2B',0);
INSERT INTO "TeamContact" VALUES ('9F48751A-A008-484F-93B6-D7415499D0DE','786681C1-DC35-4897-B830-CD74EBC6DCA1','56D82C7F-292C-4C19-8964-BE91760D76BD',1);
INSERT INTO "TeamContact" VALUES ('6B2F4512-86AE-4FF8-A7AC-47D935988E96','34421344-754F-416B-AD4F-835BBCA066C5','19B3F37C-4530-4E37-9AAB-DB8638AEC354',1);
INSERT INTO "TeamContact" VALUES ('DADD5D4A-35C3-4B81-AB21-85F4D140B358','88A06893-100D-46FC-83EB-23C115E8C72B','CCF1CF8E-4F42-4681-A758-032A3B6A192E',0);
INSERT INTO "TeamContact" VALUES ('B3803F93-652F-4693-918E-D1836ECE534F','CFD61CEF-5D09-4E8A-BF64-95464384419C','FA34A4E9-B24B-4ED0-BD88-E6EA5B502F14',0);
INSERT INTO "TeamContact" VALUES ('43938239-0803-4E4F-BA46-CDB57C82F3A2','503A0811-7A71-4A57-B8D8-FD7F9F062CA2','A1B66023-8095-4CB2-A4F0-E77DDE36DEE6',0);
INSERT INTO "TeamContact" VALUES ('EE2EC101-5224-4028-BD0D-657D591B44BE','711D0B30-F7C1-49A1-851A-34A44B02FE12','3E8D4C98-5BE8-4023-8B3E-028D4A657E93',0);
INSERT INTO "TeamContact" VALUES ('BF670934-A005-4FA2-9EF3-EBEEF695AA1E','97A56BD6-9016-4CAB-818A-1A1AE2DA58C2','5DBF9209-8044-4A70-943F-6A464856B83B',0);
INSERT INTO "TeamContact" VALUES ('8E38CAAE-DA74-4ED0-AE21-0852D00527AA','711D0B30-F7C1-49A1-851A-34A44B02FE12','C573DF6A-0519-46CE-A20A-F6FBABFBE9B1',0);
INSERT INTO "TeamContact" VALUES ('8D651DF1-9014-4A01-9CCB-B92B1D949A81','1B6F9375-A8A5-4A90-8BDB-5240113D5F18','0B07153E-B62D-4B67-9238-63701372AD8B',1);
INSERT INTO "TeamContact" VALUES ('A6498A12-A5EE-4E12-A1EB-3D6A9A6628CA','2BE62419-4A4C-46E7-95A4-A128FA6E40C9','2B1F4F82-5CF4-411E-B1CF-30F6F5D1BEAC',1);
INSERT INTO "TeamContact" VALUES ('0C3BF146-BCF7-4C83-B024-F8392F88A3FE','3D140E6A-DD75-4CC6-BECE-D1F5987D75F7','15D98531-33F3-4C78-9664-A38905FC3932',0);
INSERT INTO "TeamContact" VALUES ('335414BC-B682-49ED-A691-902D7A62FF82','028BC331-5CDD-44DE-BCE9-FD12868ED9C6','6C1ABCE0-7732-44B3-BBB8-256F7B55BBAD',0);
INSERT INTO "TeamContact" VALUES ('8F8A7910-6B3F-484A-B3F2-295C514361F3','8F09CAD0-EC71-4E36-AE8E-8E2EDF835F29','FECA2633-2333-41AD-81E4-6D8E21A514AB',0);
INSERT INTO "TeamContact" VALUES ('5E65328E-35E0-4870-ABD6-C22E08B472F3','D3A0DD78-A0B1-4538-85D9-C43E3447056D','FECA2633-2333-41AD-81E4-6D8E21A514AB',0);
INSERT INTO "TeamContact" VALUES ('8E5ADFDA-CDDF-43C3-978A-1A656D702517','7E098453-2197-4E04-BF39-D3E8E15FA7C3','FECA2633-2333-41AD-81E4-6D8E21A514AB',0);
INSERT INTO "TeamContact" VALUES ('0FFAD05B-F4E7-44F7-80C7-8D25E1123909','49E904C7-4EC5-4547-A763-F637628F179E','30A946D7-4C2C-4057-8850-BB4E2066C080',0);
INSERT INTO "TeamContact" VALUES ('A8D04473-8D85-4D80-B54A-4E40166A9000','379F10C0-802F-41D1-B58E-1C5328C4FAC7','8A18996C-0E4B-4409-97B8-74B7C32F5D13',0);
INSERT INTO "TeamContact" VALUES ('68E18928-C7C8-4969-BA14-F56920D66BFB','5A476573-523C-40AE-92A2-186ED66D5350','0B07153E-B62D-4B67-9238-63701372AD8B',0);
INSERT INTO "TeamContact" VALUES ('06FC37FA-0966-4381-9ECE-93A1C6F6AF38','D4BFECF1-BB8F-456D-B4BC-74776E85315D','7C70B44C-BC41-4C06-9694-27A7239F8943',0);
INSERT INTO "TeamContact" VALUES ('C627EB05-F8C7-4490-B4B3-5ECA9EEEE7C1','E81680F6-0B95-4DD5-AC2C-96B9B61EC966','428CA1FE-551E-4142-BA2E-745E4F80B11A',0);
INSERT INTO "TeamContact" VALUES ('2A21B61B-BB95-41A3-9F92-66D5B26FF4C8','2AF5CDD8-E15A-4790-92DC-A934417D01D4','A1B66023-8095-4CB2-A4F0-E77DDE36DEE6',0);
INSERT INTO "TeamContact" VALUES ('0B005F8E-C755-47CE-B927-89C61D956891','DB1AB3FD-A781-48BC-92F9-0A24004CC8D8','F97347ED-729E-4D7C-B418-7A9731CFAEE2',0);
INSERT INTO "TeamContact" VALUES ('053B8C00-3FEE-4390-BF8B-CFB9C38360F4','1300744E-1FF8-4867-A797-F3FC0ED7DB0E','3E8D4C98-5BE8-4023-8B3E-028D4A657E93',0);
INSERT INTO "TeamContact" VALUES ('2D793873-7C1F-4D94-9B6F-981C285F0B9A','1300744E-1FF8-4867-A797-F3FC0ED7DB0E','B2CD4657-C358-4EB6-AEED-26BEDC6E0778',0);
INSERT INTO "TeamContact" VALUES ('2B5F52E9-9756-4C96-A233-E50D25205D1B','1300744E-1FF8-4867-A797-F3FC0ED7DB0E','C573DF6A-0519-46CE-A20A-F6FBABFBE9B1',0);
INSERT INTO "TeamContact" VALUES ('9035B024-91A4-4695-AE04-64110D62CA28','95E80C64-89AF-4AA3-9ABF-68A78040EAA6','15D98531-33F3-4C78-9664-A38905FC3932',0);
INSERT INTO "TeamContact" VALUES ('A2F14376-0B78-44F0-951F-D807A713D32C','078F3F68-E640-4072-A54E-D667EF47C88C','15D98531-33F3-4C78-9664-A38905FC3932',2);
INSERT INTO "TeamContact" VALUES ('9A54C299-5B32-40BD-A86A-303A59FCB63F','B11F6709-F813-4D35-822A-84554DACE763','A1B66023-8095-4CB2-A4F0-E77DDE36DEE6',0);
INSERT INTO "TeamContact" VALUES ('088F1246-8C97-4C39-9ECB-7FCB390198DC','3D140E6A-DD75-4CC6-BECE-D1F5987D75F7','8A18996C-0E4B-4409-97B8-74B7C32F5D13',0);
INSERT INTO "TeamContact" VALUES ('9F3DCFE4-7A27-4CD1-AEEF-2DDAD1A8E280','1B702AE7-39C1-4255-88AB-93D6E67E1F39','27DF8F4B-E01C-4FA1-97DA-0C989F223E2B',0);
INSERT INTO "TeamContact" VALUES ('AFFBC8B6-9F8E-4DCB-986E-54909B15386A','2AF5CDD8-E15A-4790-92DC-A934417D01D4','5977FDF8-BDFA-4373-A883-A3BD40394D3D',0);
INSERT INTO "TeamContact" VALUES ('91979AFE-12A7-4530-BE11-93F3E343C4E0','437EFF5C-0F7E-427F-8173-0CBDB503E664','56D82C7F-292C-4C19-8964-BE91760D76BD',2);
INSERT INTO "TeamContact" VALUES ('1D188AF9-B44E-45AF-A920-1DB24321C683','9701AD13-ABD1-4301-880E-1B8BC110B3FE','19B3F37C-4530-4E37-9AAB-DB8638AEC354',2);
INSERT INTO "TeamContact" VALUES ('AD98287F-5F8F-424A-AF53-569D886C425C','9FC0E278-2CE3-438E-80AF-C1D2219D0B77','2D1343B6-45C0-4F75-9F32-BEA7BD744EE9',0);
INSERT INTO "TeamContact" VALUES ('2741FE41-78D1-4D46-86AC-4400E409F540','A7C725BA-45A6-4895-B3C9-8BB5D5AF9448','634F38E0-0099-4AF3-A2BD-AAF8134CDC66',0);
INSERT INTO "TeamContact" VALUES ('2F00AC79-9E8F-4000-BDA9-2F68204A7CED','A7C725BA-45A6-4895-B3C9-8BB5D5AF9448','42C70184-8D5A-495E-9506-CB871E41BC8C',0);
INSERT INTO "TeamContact" VALUES ('53B1C135-71E1-450C-B701-1CF03A1286AC','7C905F9A-3615-471D-AD22-26F6D0260C00','5FEB25B7-5536-49DE-A738-231B9FA3F3FD',0);
INSERT INTO "TeamContact" VALUES ('ABB76EC1-4263-49A4-8E88-A95920B31BD4','290B3869-DC42-4074-8569-44753F1DDE15','97E8B73A-2359-45C2-9122-BDB052F71C37',0);
INSERT INTO "TeamContact" VALUES ('FA82BCC4-8755-446F-BEBA-8E205D8B044E','FC901C26-AB74-4026-98CE-D7BAA144F3B6','FA34A4E9-B24B-4ED0-BD88-E6EA5B502F14',0);
INSERT INTO "TeamContact" VALUES ('33668DBF-A8E4-4A48-AEB4-3AFF5F0F6B7C','CCC403DE-01E7-4D0E-9F73-AF554E8C0DFE','CCF1CF8E-4F42-4681-A758-032A3B6A192E',0);
INSERT INTO "TeamContact" VALUES ('108432D7-4A2F-44A0-9EF9-C12AE3822BB4','28B66F13-E5AC-4311-BFF6-CE1F484EE767','150DEF5B-487A-4633-AD06-13BEA0509685',0);
INSERT INTO "TeamContact" VALUES ('CB7876FD-60D6-4C16-9FE5-5EDC9DDE0894','7002512D-DEBA-41FC-A2A6-5BB6DB6BA8F1','E7FCC89B-1762-4B1A-A69B-90EC9CB50CFB',0);
INSERT INTO "TeamContact" VALUES ('0533435A-A51F-4D97-889F-EF2C08CA7654','D952DA16-3895-4F9A-B980-30230B83B5BC','68009D1E-0EB7-4978-A8B8-A334EEF8E008',0);
INSERT INTO "TeamContact" VALUES ('8DA29C61-4564-41BF-B2E7-6AA25AC2C0DC','DB1AB3FD-A781-48BC-92F9-0A24004CC8D8','004115A0-B2D6-429D-9828-B56DC45A374C',0);
INSERT INTO "TeamContact" VALUES ('FC1E12DA-8A8C-4ED5-A4D4-08E633338995','D4387A05-4762-48F0-B15D-DE8EDBE51709','3949BE6F-3528-4401-AC53-CB49FA5911E5',0);
INSERT INTO "TeamContact" VALUES ('0877E422-7F84-4062-90BF-1CA315FA595F','28B66F13-E5AC-4311-BFF6-CE1F484EE767','2D1343B6-45C0-4F75-9F32-BEA7BD744EE9',0);
INSERT INTO "TeamContact" VALUES ('D74E7F96-6F07-4ED3-B315-D068BAAAAD07','479B6D43-D100-444E-A2E4-FD8192D7B407','E003B8F0-3D73-4463-9DA3-87E44B401C06',0);
INSERT INTO "TeamContact" VALUES ('3252051D-136B-41F7-A998-999748F62448','63692D64-2542-4DE4-BA93-F6EB8335C108','E003B8F0-3D73-4463-9DA3-87E44B401C06',0);
INSERT INTO "TeamContact" VALUES ('9E7AEAC5-B81B-44E4-B381-3A48848939AA','FC4DB4C2-B293-47A2-B993-8E19398AF399','0EB64112-79C9-42B3-BB09-D6E9080519D3',2);
INSERT INTO "TeamContact" VALUES ('2D2F3446-15F0-4A88-B226-212D95C2AA77','FC4DB4C2-B293-47A2-B993-8E19398AF399','97E8B73A-2359-45C2-9122-BDB052F71C37',2);
INSERT INTO "TeamContact" VALUES ('3DF12DFB-5982-45A8-9C0E-A0F91C285BA6','9A144C71-62A7-4B30-99E9-8A412E40C624','0EB64112-79C9-42B3-BB09-D6E9080519D3',0);
INSERT INTO "TeamContact" VALUES ('E12820E0-925F-48B2-BC6C-0EA3966B81DC','CEA85D21-FE1F-4B94-8DCB-39104AA97126','541C6A5B-5F6C-4D8B-BF8C-00AC6F454544',0);
INSERT INTO "Booking" VALUES ('F2776406-E449-4AAF-8028-560021EF5EA5','U7, U10, U12 Training','2021-08-28 08:45:00','2024-05-30 10:15:00','9E365BFE-DDC2-4296-83DF-B278A846207F',1);
INSERT INTO "Booking" VALUES ('568030F6-3B7D-422A-914F-85E5E3BE9D0E','U8, U9, U11 Training','2021-08-28 10:30:00','2024-05-30 12:00:00','9E365BFE-DDC2-4296-83DF-B278A846207F',1);
INSERT INTO "Booking" VALUES ('0E6433EF-B50F-49FA-8036-6B438BD11F16','Oxford Over 60s v England Over 70s','2022-01-25 13:00:00','2022-01-25 15:00:00','9E365BFE-DDC2-4296-83DF-B278A846207F',0);
INSERT INTO "Booking" VALUES ('ADDF7DDE-5D21-4055-B828-59EB915081FB','Private Hire','2021-10-25 21:00:00','2022-05-30 22:00:00','9E365BFE-DDC2-4296-83DF-B278A846207F',1);
INSERT INTO "Booking" VALUES ('8B91F435-1DCD-43F7-92F4-B6334BBC00F4','Under 11''s ','2021-10-31 10:30:00','2021-10-31 12:00:00','9E365BFE-DDC2-4296-83DF-B278A846207F',0);
INSERT INTO "Booking" VALUES ('5C17DC90-57FC-41FD-884C-1C338CDEC10A','Under 8''s','2021-10-31 09:00:00','2021-10-31 10:30:00','9E365BFE-DDC2-4296-83DF-B278A846207F',0);
INSERT INTO "Booking" VALUES ('57F5F742-AFE4-4C6E-8B39-9BCC88EB9BDB','Watlington Town Old Boys v Crowmarsh','2022-01-05 19:45:00','2022-01-05 21:45:00','92C2DD82-38C9-4B1A-AACF-E9F207B9DD7A',0);
INSERT INTO "Booking" VALUES ('96BA7A64-4487-4362-8E9D-CA3F81EF0EF7','Thame United Under 18''s v Risborough Rangers','2021-11-15 19:45:00','2021-11-15 21:45:00','A37DBD57-1722-4F2A-91A3-AF141BB2029C',0);
INSERT INTO "Booking" VALUES ('7A9FF271-1486-4917-92B0-BCD8A6EE7EE8','Under 14''s Girls','2022-05-16 18:00:00','2022-05-16 19:00:00','9E365BFE-DDC2-4296-83DF-B278A846207F',1);
INSERT INTO "Booking" VALUES ('0D106B6C-9CCB-4E2F-B179-035EB2C08707','JPL U10''s & U11''s','2021-11-11 16:30:00','2022-05-26 18:00:00','9E365BFE-DDC2-4296-83DF-B278A846207F',1);
INSERT INTO "Booking" VALUES ('A57BA0C8-F331-4C85-A695-FE4166769B9B','JPL U10''s & U11''s','2021-11-16 16:30:00','2022-05-31 18:00:00','9E365BFE-DDC2-4296-83DF-B278A846207F',1);
INSERT INTO "Booking" VALUES ('26E2FD36-63FF-40ED-9849-538F476A4DA5','Under 17 Boys & Youth Training','2021-11-16 18:00:00','2022-05-31 19:00:00','9E365BFE-DDC2-4296-83DF-B278A846207F',1);
INSERT INTO "Booking" VALUES ('EBE19BB5-772C-4325-8147-FE88B9FABD2E','Thame Seniors Training','2021-11-11 19:00:00','2022-05-26 20:00:00','9E365BFE-DDC2-4296-83DF-B278A846207F',1);
INSERT INTO "Booking" VALUES ('DD0E81D3-4862-4B09-A6BC-0CAF49D95487','Thame Seniors Training','2021-11-16 19:00:00','2022-05-31 20:00:00','9E365BFE-DDC2-4296-83DF-B278A846207F',1);
INSERT INTO "Booking" VALUES ('B4BCBC7D-3838-4DAF-BE71-C66593EF697B','Thame Ladies Training','2021-11-16 20:00:00','2022-05-31 21:00:00','9E365BFE-DDC2-4296-83DF-B278A846207F',1);
INSERT INTO "Booking" VALUES ('6F31C90F-920B-4418-A7AE-A3C19DFCC193','Private Hire','2021-11-17 18:00:00','2022-02-23 19:00:00','9E365BFE-DDC2-4296-83DF-B278A846207F',1);
INSERT INTO "Booking" VALUES ('383F3E01-F6A4-4C3F-84C0-BE575D4FCB82','Vets Games - Bicester Town v Watlington','2021-12-15 19:45:00','2021-12-15 21:45:00','92C2DD82-38C9-4B1A-AACF-E9F207B9DD7A',0);
INSERT INTO "Booking" VALUES ('7A443910-B6F1-4216-9286-F690B63A8D44','Long Crendon Training','2021-11-11 20:00:00','2022-03-31 21:00:00','9E365BFE-DDC2-4296-83DF-B278A846207F',1);
INSERT INTO "Booking" VALUES ('DD5B74EA-D8F2-4170-B037-D6D1A040EB03','Princes Risborough Training','2021-11-11 21:00:00','2022-02-25 22:00:00','9E365BFE-DDC2-4296-83DF-B278A846207F',1);
INSERT INTO "Booking" VALUES ('A2D69339-49F5-47C0-AF5A-2DADC7E30EB8','Under 15B, 15Y & U16''s Training','2021-11-11 18:00:00','2022-05-25 19:00:00','9E365BFE-DDC2-4296-83DF-B278A846207F',1);
INSERT INTO "Booking" VALUES ('6E0A2783-19FE-4575-9E00-66AC8156E25F','Under 14G one off','2021-11-22 18:00:00','2021-11-22 19:00:00','9E365BFE-DDC2-4296-83DF-B278A846207F',0);
INSERT INTO "Booking" VALUES ('D35DA10C-8AFC-42F6-BE14-25E433826EC2','Under 14G Training','2021-11-28 13:00:00','2021-11-28 14:00:00','9E365BFE-DDC2-4296-83DF-B278A846207F',0);
INSERT INTO "Booking" VALUES ('9E8BDEC5-EA09-41F4-AF7D-85CC6C92F24C','Oxford Over 60s v Cambridgeshire','2022-01-30 12:30:00','2022-01-30 14:30:00','9E365BFE-DDC2-4296-83DF-B278A846207F',0);
INSERT INTO "Booking" VALUES ('5A2DF3A0-C496-41B8-AABC-8B2D4D760E6D','Oxford Over 60s','2021-12-05 13:30:00','2021-12-05 15:30:00','9E365BFE-DDC2-4296-83DF-B278A846207F',0);
INSERT INTO "Booking" VALUES ('048761F4-7752-4BD4-BDA9-7629AA24D248','Long Crendon v Binfield','2022-01-19 19:45:00','2022-01-19 21:45:00','A37DBD57-1722-4F2A-91A3-AF141BB2029C',0);
INSERT INTO "Booking" VALUES ('45FFF8AF-992F-4A6E-844D-5FD080EE4DB4','Chalgrove v Crowmarsh','2022-01-16 13:30:00','2022-01-16 15:30:00','9E365BFE-DDC2-4296-83DF-B278A846207F',0);
INSERT INTO "Booking" VALUES ('D04BB8DA-C47D-48AC-AF72-A4F1CEAA74C3','Private bookings','2022-01-10 17:00:00','2023-01-09 22:00:00','FF4B08C8-DC9A-4F4A-9EC1-BADA343145B9',1);
INSERT INTO "Booking" VALUES ('53141F39-DA43-45B8-9B52-981A6FDDA5A7','Watlington Town Old Boys v Bicester','2022-01-19 19:45:00','2022-01-19 21:45:00','92C2DD82-38C9-4B1A-AACF-E9F207B9DD7A',0);
INSERT INTO "Booking" VALUES ('21AEDE59-4140-499B-B8EF-ACE3A9FCB52F','Abingdon Exiles v Watlington Wanderers','2022-01-19 19:45:00','2022-01-19 21:45:00','9E365BFE-DDC2-4296-83DF-B278A846207F',0);
INSERT INTO "Booking" VALUES ('61337221-9250-4950-8B0A-2AE976DAAA03','Thame United Under 18''s v Risborough Rangers','2022-01-24 19:45:00','2022-01-24 21:45:00','A37DBD57-1722-4F2A-91A3-AF141BB2029C',0);
INSERT INTO "Booking" VALUES ('887AD443-453E-4A9B-888C-DFFF68698E21','Abingdon Exiles v Didcot','2022-01-26 19:45:00','2022-01-26 21:45:00','9E365BFE-DDC2-4296-83DF-B278A846207F',0);
INSERT INTO "Booking" VALUES ('188CE6CF-16B2-4139-8C2C-4AE40D0EFD2F','Football Party','2022-02-06 14:00:00','2022-02-06 15:00:00','FF4B08C8-DC9A-4F4A-9EC1-BADA343145B9',0);
INSERT INTO "Booking" VALUES ('6A400531-4599-4D74-A534-322EC395E893','U6 Training','2022-01-29 09:00:00','2022-05-28 10:00:00','92C2DD82-38C9-4B1A-AACF-E9F207B9DD7A',1);
INSERT INTO "Booking" VALUES ('30D2508F-2B66-4375-A7C6-995D4EC818B4','Thames Valley Police v University Hospital Birmingham','2022-02-03 19:45:00','2022-02-03 21:45:00','92C2DD82-38C9-4B1A-AACF-E9F207B9DD7A',0);
INSERT INTO "Booking" VALUES ('5299CE6D-2F3A-433D-B220-9E7EB4390EF8','Bicester v Benson Lions','2022-02-02 19:45:00','2022-02-02 21:45:00','92C2DD82-38C9-4B1A-AACF-E9F207B9DD7A',0);
INSERT INTO "Booking" VALUES ('59C8D048-D643-43F6-903E-AE25D3C95DB8','Abingdon Town Vets v Woodley Utd Vets','2022-02-02 19:45:00','2022-02-02 21:45:00','9E365BFE-DDC2-4296-83DF-B278A846207F',0);
INSERT INTO "Booking" VALUES ('981A28BC-51F4-4509-9BD9-50A06BDD4C8B','Private Hire','2022-02-07 19:00:00','2022-05-02 20:00:00','9E365BFE-DDC2-4296-83DF-B278A846207F',1);
INSERT INTO "Booking" VALUES ('109C82F2-4B89-4CEF-8E73-992925B9C0C5','Princes Risborough Training','2022-02-01 20:00:00','2022-05-10 21:00:00','9E365BFE-DDC2-4296-83DF-B278A846207F',1);
INSERT INTO "Booking" VALUES ('FDEBEB89-9954-47E6-9CDB-2DD967190BC1','Under 15 Girls','2022-02-14 19:00:00','2022-02-14 20:00:00','9E365BFE-DDC2-4296-83DF-B278A846207F',0);
INSERT INTO "Booking" VALUES ('5AE95DF1-1126-4036-8C87-75C72A20FC02','Private Hire','2022-02-19 20:00:00','2022-02-19 21:30:00','9E365BFE-DDC2-4296-83DF-B278A846207F',0);
INSERT INTO "Booking" VALUES ('5CFD4807-B2F7-468B-AD68-4D19D100A403','Long Crendon v Wycombe Wanderers','2022-02-15 19:45:00','2022-02-15 21:45:00','A37DBD57-1722-4F2A-91A3-AF141BB2029C',0);
INSERT INTO "Booking" VALUES ('940B5074-A691-486B-A06C-7A7BA4C5F2B0','Goring Utd OBs v Benson','2022-02-16 19:45:00','2022-02-16 21:45:00','92C2DD82-38C9-4B1A-AACF-E9F207B9DD7A',0);
INSERT INTO "Booking" VALUES ('005C178A-FE91-4483-A118-46E0166A7EE3','Chalgrove ','2022-02-05 14:00:00','2022-02-05 16:00:00','9E365BFE-DDC2-4296-83DF-B278A846207F',0);
INSERT INTO "Booking" VALUES ('48A89450-25F1-4107-AD1A-456801EDC9A5','Chalgrove','2022-03-05 14:00:00','2022-03-05 16:30:00','9E365BFE-DDC2-4296-83DF-B278A846207F',0);
INSERT INTO "Booking" VALUES ('F321F997-3908-456D-A07A-185D97C5E5E9','Chalgrove','2022-03-19 14:00:00','2022-03-19 16:00:00','9E365BFE-DDC2-4296-83DF-B278A846207F',0);
INSERT INTO "Booking" VALUES ('06B66E5F-8041-4BE3-BA81-66A9C321AAA9','Watlington Town Old Boys v Didcot Town','2022-03-02 19:45:00','2022-03-02 21:45:00','9E365BFE-DDC2-4296-83DF-B278A846207F',0);
INSERT INTO "Booking" VALUES ('6A015E09-7D97-4ADE-AC8A-66DA9012E107','Abingdon Town vets v Holyport Vets','2022-03-02 19:45:00','2022-03-02 19:45:00','92C2DD82-38C9-4B1A-AACF-E9F207B9DD7A',0);
INSERT INTO "Booking" VALUES ('35E3A887-C145-4F87-97BD-FC6933DE5829','Allied Counties v Flackwell Heath','2022-03-07 19:45:00','2022-03-07 21:45:00','A37DBD57-1722-4F2A-91A3-AF141BB2029C',0);
INSERT INTO "Booking" VALUES ('82299B82-87A9-4488-91D6-020FE6627D71','JPL U9''s','2022-03-03 15:45:00','2022-06-30 16:45:00','9E365BFE-DDC2-4296-83DF-B278A846207F',1);
INSERT INTO "Booking" VALUES ('06FE7966-7ACE-4E99-A30A-4732F7641E54','JPL U9''s','2022-03-01 15:45:00','2022-05-31 16:45:00','9E365BFE-DDC2-4296-83DF-B278A846207F',1);
INSERT INTO "Booking" VALUES ('DFCEF2AD-A15A-4BC0-8F29-3625AE86E265','Private Hire','2022-03-13 14:00:00','2022-03-13 16:00:00','9E365BFE-DDC2-4296-83DF-B278A846207F',0);
INSERT INTO "Booking" VALUES ('B3A0EDCB-A400-4307-B4F7-D5C680975986','Watlington Town Old Boys v Goring Utd','2022-03-09 19:45:00','2022-03-09 21:45:00','9E365BFE-DDC2-4296-83DF-B278A846207F',0);
INSERT INTO "Booking" VALUES ('E50E0D6F-660C-4CB8-B740-D112EDD133A0','Watlington Wanderers v Woodley','2022-03-09 19:45:00','2022-03-09 21:45:00','92C2DD82-38C9-4B1A-AACF-E9F207B9DD7A',0);
INSERT INTO "Booking" VALUES ('55BCAD31-F9F8-4A5E-A037-DEF327E84CA0','Football Party','2022-03-13 14:00:00','2022-03-13 15:00:00','FF4B08C8-DC9A-4F4A-9EC1-BADA343145B9',0);
INSERT INTO "Booking" VALUES ('01B691DC-5D73-452A-B27C-7BDB3735F67F','Private Hire','2022-04-02 14:00:00','2022-04-02 15:30:00','FF4B08C8-DC9A-4F4A-9EC1-BADA343145B9',0);
INSERT INTO "Booking" VALUES ('476C710D-3DCB-4315-B814-C58A58E0FC46','Private Hire','2022-04-23 14:00:00','2022-04-23 15:00:00','FF4B08C8-DC9A-4F4A-9EC1-BADA343145B9',0);
INSERT INTO "Booking" VALUES ('0726B1FC-0CCD-4009-B2B5-CBCB963711C4','Private Hire','2022-07-03 13:00:00','2022-07-03 15:00:00','9E365BFE-DDC2-4296-83DF-B278A846207F',0);
INSERT INTO "Booking" VALUES ('384B027E-FD92-45BB-BA34-637EFCD5DFE1','Under 15 Girls','2022-03-21 18:00:00','2022-03-21 19:00:00','9E365BFE-DDC2-4296-83DF-B278A846207F',0);
INSERT INTO "Booking" VALUES ('9AAF5133-619B-4CD1-B386-9B88CA3DCCD6','Allied Counties v Risborough','2022-03-17 19:45:00','2022-03-17 21:45:00','A37DBD57-1722-4F2A-91A3-AF141BB2029C',0);
INSERT INTO "Booking" VALUES ('571ABB3C-8E5C-43A8-A9C0-211748A72577','Private Hire','2022-03-20 15:00:00','2022-03-20 16:00:00','FF4B08C8-DC9A-4F4A-9EC1-BADA343145B9',0);
INSERT INTO "Booking" VALUES ('7E3E5816-CE3E-48F7-8F56-45C7871DF9FF','Private Booking','2022-03-23 09:00:00','2022-03-23 13:00:00','9E365BFE-DDC2-4296-83DF-B278A846207F',0);
INSERT INTO "Booking" VALUES ('2CAEB6BE-7A8D-42EF-8EA7-01494692641A','Private Booking','2022-03-24 07:30:00','2022-03-24 11:30:00','9E365BFE-DDC2-4296-83DF-B278A846207F',0);
INSERT INTO "Booking" VALUES ('FE326B90-862A-4345-AF19-941C5CCF6993','Private Hire','2022-03-25 20:00:00','2022-03-25 21:00:00','FF4B08C8-DC9A-4F4A-9EC1-BADA343145B9',0);
INSERT INTO "Booking" VALUES ('0966CD65-3AA6-4570-B52D-A272585490B3','Bicester Town Vets v Goring Utd','2022-03-23 19:45:00','2022-03-23 21:45:00','92C2DD82-38C9-4B1A-AACF-E9F207B9DD7A',0);
INSERT INTO "Booking" VALUES ('854581B3-53E1-4398-B08A-E6FC3A3DB300','Allied Counties v Buckingham Athletic','2022-03-28 19:45:00','2022-03-28 21:45:00','A37DBD57-1722-4F2A-91A3-AF141BB2029C',0);
INSERT INTO "Booking" VALUES ('06E6BDDD-B7F9-490F-AB2E-134519693BA0','Private Hire','2022-06-11 11:00:00','2022-06-11 12:00:00','FF4B08C8-DC9A-4F4A-9EC1-BADA343145B9',0);
INSERT INTO "Booking" VALUES ('DD65DFFD-185C-41DE-81A4-8EDD457CB7A5','Private Hire','2022-04-22 17:00:00','2022-04-22 18:00:00','FF4B08C8-DC9A-4F4A-9EC1-BADA343145B9',0);
INSERT INTO "Booking" VALUES ('5E26B900-CACD-45F3-860E-8E7632F99C1A','Private Hire','2022-04-24 11:00:00','2022-04-24 12:00:00','FF4B08C8-DC9A-4F4A-9EC1-BADA343145B9',0);
INSERT INTO "Booking" VALUES ('3EABF5E1-E94D-4427-99DA-081AFA3DAEF4','Private Hire','2022-04-24 15:00:00','2022-04-24 16:00:00','FF4B08C8-DC9A-4F4A-9EC1-BADA343145B9',0);
INSERT INTO "Booking" VALUES ('674BD702-8ABE-4717-9340-6AD28045058C','Private Hire','2022-04-01 20:00:00','2022-04-01 21:00:00','FF4B08C8-DC9A-4F4A-9EC1-BADA343145B9',0);
INSERT INTO "Booking" VALUES ('39FE15F1-9329-4A37-B122-B9CEDF6BA04C','Private Hire','2022-04-10 15:00:00','2022-04-10 16:00:00','FF4B08C8-DC9A-4F4A-9EC1-BADA343145B9',0);
INSERT INTO "Booking" VALUES ('C776CC61-CF55-4C2D-B97C-918D01558E52','Private Hire','2022-04-03 14:00:00','2022-04-03 16:00:00','92C2DD82-38C9-4B1A-AACF-E9F207B9DD7A',0);
INSERT INTO "Booking" VALUES ('4E407121-11B8-485E-A0D3-F50DD9B453FA','Under 16s','2022-04-10 11:00:00','2022-04-10 12:00:00','FF4B08C8-DC9A-4F4A-9EC1-BADA343145B9',0);
INSERT INTO "Booking" VALUES ('7959D133-3300-4213-BD70-529DEF12D0EC','Oxford Over 60s','2022-05-01 12:00:00','2022-05-01 14:00:00','9E365BFE-DDC2-4296-83DF-B278A846207F',0);
INSERT INTO "Booking" VALUES ('84D2DB73-C3A8-475E-A927-C3A64EC6FAC7','Haddenham Over 50s','2022-04-24 13:00:00','2022-04-24 15:00:00','9E365BFE-DDC2-4296-83DF-B278A846207F',0);
INSERT INTO "Booking" VALUES ('99BA9CE8-4B64-4E16-A52D-04CC99BC37D7','Under 14 Girls','2022-04-25 18:00:00','2022-04-25 19:00:00','9E365BFE-DDC2-4296-83DF-B278A846207F',0);
INSERT INTO "Booking" VALUES ('817D6918-AC33-4D99-8E02-0A97546B7F6F','Under 11 Tournament','2022-05-08 09:00:00','2022-05-08 13:00:00','9E365BFE-DDC2-4296-83DF-B278A846207F',0);
INSERT INTO "Booking" VALUES ('E36BCFDF-ADFA-4C7D-A486-A28D069A0D86','Goring Over 50s','2022-05-29 13:00:00','2022-05-29 15:30:00','9E365BFE-DDC2-4296-83DF-B278A846207F',0);
INSERT INTO "Booking" VALUES ('12043C13-9F5B-4E79-A59C-3A521322E06B','U15 Girls','2022-05-09 18:00:00','2022-05-09 19:00:00','9E365BFE-DDC2-4296-83DF-B278A846207F',0);
INSERT INTO "Booking" VALUES ('9A971DF1-BA58-4FF1-A0E8-9F1A4786C7D4','Under 10''s','2022-05-10 18:30:00','2022-05-10 19:30:00','7CA8CB22-4B34-4C53-AEAE-D15ECEEECAA1',0);
INSERT INTO "Booking" VALUES ('BDE65F10-D21D-4568-B0D0-8AED8357D2EB','Oxford Over 60s','2022-06-21 12:30:00','2022-06-21 15:00:00','9E365BFE-DDC2-4296-83DF-B278A846207F',0);
INSERT INTO "Booking" VALUES ('76231678-BB7A-4D79-BFFC-A03F04827E9C','Oxford Over 60s','2022-05-15 11:00:00','2022-05-15 13:00:00','9E365BFE-DDC2-4296-83DF-B278A846207F',0);
INSERT INTO "Booking" VALUES ('DBED6F2D-D0E6-41EA-B48A-02934D10672C','Thame Utd Football & Education Academy','2022-05-31 19:00:00','2022-05-31 21:00:00','9E365BFE-DDC2-4296-83DF-B278A846207F',0);
INSERT INTO "Booking" VALUES ('F945015E-9F28-481C-BD9E-47B8DFE76EC9','Cup Final','2022-05-28 13:00:00','2022-05-28 16:00:00','9E365BFE-DDC2-4296-83DF-B278A846207F',0);
INSERT INTO "Booking" VALUES ('F4A90C3A-87C7-4182-A5DD-315D478C17E4','Football Party','2022-05-28 12:00:00','2022-05-28 13:00:00','FF4B08C8-DC9A-4F4A-9EC1-BADA343145B9',0);
INSERT INTO "Booking" VALUES ('1FF4AC20-8B8F-4B2A-8B50-AF6B331B7592','Under 11''s','2022-05-29 11:00:00','2022-05-29 12:00:00','FF4B08C8-DC9A-4F4A-9EC1-BADA343145B9',0);
INSERT INTO "Booking" VALUES ('B8C0BC3A-70EE-4045-96ED-C8F85C97FFCE','Thame Seniors Training','2022-06-28 19:00:00','2023-06-27 20:00:00','9E365BFE-DDC2-4296-83DF-B278A846207F',1);
INSERT INTO "Booking" VALUES ('57F907D8-E34E-4FEC-B5BC-8362CEE1D226','Private Booking','2022-06-30 20:00:00','2023-05-25 22:00:00','9E365BFE-DDC2-4296-83DF-B278A846207F',1);
INSERT INTO "Booking" VALUES ('E530FB53-30A9-4BE5-9FC4-BEA9BCDD7C3C','Thame Seniors Training','2022-06-30 19:00:00','2023-06-29 20:00:00','9E365BFE-DDC2-4296-83DF-B278A846207F',1);
INSERT INTO "Booking" VALUES ('EE3943EF-CBB7-4FA4-A4E4-7BE187F46DCA','Private Hire','2022-06-27 19:00:00','2023-06-26 20:00:00','9E365BFE-DDC2-4296-83DF-B278A846207F',1);
INSERT INTO "Booking" VALUES ('1EF2E1E8-32CC-428E-9896-A4AE3700A3AA','Under 15 Girls','2022-08-15 18:00:00','2023-05-29 19:00:00','9E365BFE-DDC2-4296-83DF-B278A846207F',1);
INSERT INTO "Booking" VALUES ('80DA61C2-182F-4E9E-B173-90214F1C36B2','Under 15 Boys','2022-08-15 18:00:00','2023-05-29 19:00:00','9E365BFE-DDC2-4296-83DF-B278A846207F',1);
INSERT INTO "Booking" VALUES ('371DA37B-E782-4214-A771-5C26BAC069AA','Thame B','2022-07-18 19:00:00','2023-05-29 20:00:00','9E365BFE-DDC2-4296-83DF-B278A846207F',1);
INSERT INTO "Booking" VALUES ('60305085-12B2-46C6-AABE-1824E6C5B4D7','Private Hire','2022-07-18 21:00:00','2023-06-26 22:00:00','9E365BFE-DDC2-4296-83DF-B278A846207F',1);
INSERT INTO "Booking" VALUES ('770D03B1-9B63-4CD5-BFC0-DEC01BE59965','JPL','2022-08-16 16:00:00','2023-05-30 18:00:00','9E365BFE-DDC2-4296-83DF-B278A846207F',1);
INSERT INTO "Booking" VALUES ('B6FC93CE-5084-41D6-A9AF-605557138C88','Under 18 Boys','2022-08-16 18:00:00','2023-05-30 19:00:00','9E365BFE-DDC2-4296-83DF-B278A846207F',1);
INSERT INTO "Booking" VALUES ('42E88FAC-BDC4-481F-8F90-DB928D6A97CB','Thame Ladies ','2022-08-09 20:00:00','2023-05-30 21:00:00','9E365BFE-DDC2-4296-83DF-B278A846207F',1);
INSERT INTO "Booking" VALUES ('9E69FE62-0A89-4FA8-9507-8893BD64D47F','Private Hire','2022-08-09 20:00:00','2023-05-30 21:00:00','9E365BFE-DDC2-4296-83DF-B278A846207F',1);
INSERT INTO "Booking" VALUES ('D6740829-0C0F-44DA-BF4A-358BB6E585D3','Under 13 Boys','2022-08-17 17:00:00','2023-05-31 18:00:00','9E365BFE-DDC2-4296-83DF-B278A846207F',1);
INSERT INTO "Booking" VALUES ('FDAB1979-25D7-4C1C-B68E-BF5EBBC0CEA5','Private Hire','2022-07-13 18:00:00','2023-05-31 19:00:00','9E365BFE-DDC2-4296-83DF-B278A846207F',1);
INSERT INTO "Booking" VALUES ('FA2832A1-F9B7-4A64-A11E-3121C599D11D','Private Hire','2022-08-17 18:00:00','2023-05-31 19:00:00','9E365BFE-DDC2-4296-83DF-B278A846207F',1);
INSERT INTO "Booking" VALUES ('ACC48334-2C1D-4648-AE13-4E18E42643CE','Vets Games','2022-08-17 19:00:00','2023-05-31 22:00:00','9E365BFE-DDC2-4296-83DF-B278A846207F',1);
INSERT INTO "Booking" VALUES ('A2C73D01-ABAD-46DE-B896-D6B3A8964776','Under 16 & 17','2022-08-18 18:00:00','2023-06-01 19:00:00','9E365BFE-DDC2-4296-83DF-B278A846207F',1);
INSERT INTO "Booking" VALUES ('261B054B-744B-47A6-B149-4B23A88B285A','JPL','2022-08-18 16:00:00','2023-06-01 18:00:00','9E365BFE-DDC2-4296-83DF-B278A846207F',1);
INSERT INTO "Booking" VALUES ('2B88250F-FFF4-46A8-A1AD-9E2B7B5F8418','Private Hire','2022-08-28 14:00:00','2022-08-28 16:00:00','9E365BFE-DDC2-4296-83DF-B278A846207F',0);
INSERT INTO "Booking" VALUES ('504678F2-3046-4626-849C-E18647C1ECCD','Oxford Over 60s','2022-11-06 13:30:00','2022-11-06 16:00:00','9E365BFE-DDC2-4296-83DF-B278A846207F',0);
INSERT INTO "Booking" VALUES ('9CEBE631-1E9F-43ED-B752-6A10312549F5','Under 12''s','2022-08-16 18:00:00','2023-05-30 19:00:00','9E365BFE-DDC2-4296-83DF-B278A846207F',1);
INSERT INTO "Booking" VALUES ('3FC8E233-E00E-446E-AAFB-2FB29AC46D0A','U7''s U8''s U11''s','2022-08-20 09:00:00','2023-05-27 10:15:00','9E365BFE-DDC2-4296-83DF-B278A846207F',1);
INSERT INTO "Booking" VALUES ('97BDAF80-96DB-4EBD-B0AB-B52965403463','U10''s U9''s U12''s','2022-08-20 10:30:00','2023-05-27 11:45:00','9E365BFE-DDC2-4296-83DF-B278A846207F',1);
INSERT INTO "Booking" VALUES ('D65DAC89-F44D-4035-90FC-F20D74BC330A','Thame Utd Over 50s','2022-08-21 13:00:00','2022-08-21 15:00:00','9E365BFE-DDC2-4296-83DF-B278A846207F',0);
INSERT INTO "Booking" VALUES ('0816EABD-D9D9-445E-996F-25324633418C','Oxford Over 60s','2022-09-28 12:00:00','2022-09-28 14:00:00','9E365BFE-DDC2-4296-83DF-B278A846207F',0);
INSERT INTO "Booking" VALUES ('F915CC11-C4BE-4B89-ABFC-B20E355D3C1B','Oxford Over 60s','2022-10-02 14:00:00','2022-10-02 16:00:00','9E365BFE-DDC2-4296-83DF-B278A846207F',0);
INSERT INTO "Booking" VALUES ('447788F7-E3E7-4FAC-9FED-BD01720852ED','Allied Counties v Ardley','2022-09-08 19:45:00','2022-09-08 21:45:00','A37DBD57-1722-4F2A-91A3-AF141BB2029C',0);
INSERT INTO "Booking" VALUES ('23327E06-3D3E-4A86-808F-876B73EC2061','Thame United C','2022-09-10 14:30:00','2022-09-10 16:30:00','8F55B18E-368E-4DAD-9A56-1DF8C2731702',0);
INSERT INTO "Booking" VALUES ('156209A5-3673-4A2D-82F2-A2C33C5D9A35','Private Hire Football Party','2022-09-11 14:00:00','2022-09-11 15:00:00','FF4B08C8-DC9A-4F4A-9EC1-BADA343145B9',0);
INSERT INTO "Booking" VALUES ('F5A9F50D-3F17-4A6F-8328-FC7727812800','Under 6 Training','2022-09-10 08:30:00','2023-05-27 09:45:00','FF4B08C8-DC9A-4F4A-9EC1-BADA343145B9',1);
INSERT INTO "Booking" VALUES ('0B11C8E7-62CC-447F-884E-2333465E7AE2','Under 12''s','2022-09-10 10:30:00','2023-05-27 11:30:00','FF4B08C8-DC9A-4F4A-9EC1-BADA343145B9',1);
INSERT INTO "Booking" VALUES ('78AF4744-A356-4BC2-A786-DADE3168AC3B','Abingdon Exiles v Jet','2022-09-14 19:45:00','2022-09-14 21:45:00','92C2DD82-38C9-4B1A-AACF-E9F207B9DD7A',0);
INSERT INTO "Booking" VALUES ('786FDD0D-278D-423D-ACC2-7AE09C328FFB','Bicester Town Vets v Watlington Wanderers','2022-09-14 19:45:00','2022-09-14 21:45:00','9E365BFE-DDC2-4296-83DF-B278A846207F',0);
INSERT INTO "Booking" VALUES ('A34ED60D-B54B-4C65-8727-348F1DBCEA9D','Thame Utd D v St. Leonards','2022-09-17 14:30:00','2022-09-17 16:30:00','92C2DD82-38C9-4B1A-AACF-E9F207B9DD7A',0);
INSERT INTO "Booking" VALUES ('005683D2-E0F8-46C2-9BD9-816DE4DB0B47','County Under 14 Girls','2022-10-10 18:30:00','2022-10-10 20:30:00','92C2DD82-38C9-4B1A-AACF-E9F207B9DD7A',0);
INSERT INTO "Booking" VALUES ('89694EA1-FD74-44E4-8082-550556AD1048','Over 50s ','2022-10-09 13:30:00','2022-10-09 16:00:00','9E365BFE-DDC2-4296-83DF-B278A846207F',0);
INSERT INTO "Booking" VALUES ('9888DE8A-32A7-4F6C-B206-048D53F80539','Thame United C','2022-09-24 14:30:00','2022-09-24 16:30:00','8F55B18E-368E-4DAD-9A56-1DF8C2731702',0);
INSERT INTO "Booking" VALUES ('8280DAAF-A609-421B-B426-AEEECF11D708','Thame United D','2022-09-24 14:30:00','2022-09-24 16:30:00','92C2DD82-38C9-4B1A-AACF-E9F207B9DD7A',0);
INSERT INTO "Booking" VALUES ('ED13751B-A644-476B-8A38-1D34BA02D8BC','Thame United Under 18s v Penn & Tylers Green','2022-10-06 19:45:00','2022-10-06 19:45:00','A37DBD57-1722-4F2A-91A3-AF141BB2029C',0);
INSERT INTO "Booking" VALUES ('561A4D21-676D-4721-9B9D-5E3964BB207F','Private Hire','2022-10-08 15:00:00','2022-10-08 16:00:00','FF4B08C8-DC9A-4F4A-9EC1-BADA343145B9',0);
INSERT INTO "Booking" VALUES ('2B826DB7-C00B-47B5-899D-32CB948527D8','Private Hire','2022-10-09 14:00:00','2022-10-09 15:00:00','FF4B08C8-DC9A-4F4A-9EC1-BADA343145B9',0);
INSERT INTO "Booking" VALUES ('825366AA-E1B1-45B8-9CE6-3D8993300931','Under 16s','2022-10-09 10:00:00','2022-10-09 11:15:00','FF4B08C8-DC9A-4F4A-9EC1-BADA343145B9',0);
INSERT INTO "Booking" VALUES ('1B464DCF-F749-46EC-9EC1-9DE128A8FD88','Thame Ladies Training','2022-10-23 12:00:00','2022-10-23 13:00:00','FF4B08C8-DC9A-4F4A-9EC1-BADA343145B9',0);
INSERT INTO "Booking" VALUES ('4737D97B-5404-4B9B-8DA1-93700BE79CA5','Oxford Over 60s','2022-10-30 13:30:00','2022-10-30 16:00:00','9E365BFE-DDC2-4296-83DF-B278A846207F',0);
INSERT INTO "Booking" VALUES ('F55B9760-5A31-4F98-9B5A-3563BF10EBF1','Private Hire','2022-12-18 14:00:00','2022-10-15 15:00:00','9E365BFE-DDC2-4296-83DF-B278A846207F',0);
INSERT INTO "Booking" VALUES ('C4224D2D-C04A-4827-B8CB-907ED09EEB66','Haddenham vets v Chinnor','2023-01-15 14:30:00','2023-01-15 16:30:00','9E365BFE-DDC2-4296-83DF-B278A846207F',0);
INSERT INTO "Booking" VALUES ('34F72018-A983-4FBA-8564-9961F5E9C716','Private Hire','2023-03-03 16:30:00','2023-03-03 17:30:00','FF4B08C8-DC9A-4F4A-9EC1-BADA343145B9',0);
INSERT INTO "Booking" VALUES ('66D0CCDA-E81C-4F40-AFFD-79FBBB047939','Thame B','2022-11-19 13:00:00','2022-11-19 16:00:00','9E365BFE-DDC2-4296-83DF-B278A846207F',0);
INSERT INTO "Booking" VALUES ('B59BE167-4984-449C-B0B3-57EBDB7EE9BE','Private Hire','2022-12-11 13:30:00','2022-12-11 16:00:00','9E365BFE-DDC2-4296-83DF-B278A846207F',0);
INSERT INTO "Booking" VALUES ('8AF6D4FC-490C-4394-891E-F5B8E9CEA1E0','Thame United C','2022-12-17 14:00:00','2022-12-17 16:00:00','8F55B18E-368E-4DAD-9A56-1DF8C2731702',0);
INSERT INTO "Booking" VALUES ('AE699DD5-B5BD-4ACF-900C-CE36EF53A92A','Women Provisional','2022-12-18 14:00:00','2022-12-18 16:00:00','92C2DD82-38C9-4B1A-AACF-E9F207B9DD7A',0);
INSERT INTO "Booking" VALUES ('99C8A971-C505-4A22-A251-E8FA1C59A0D2','Oxford Over 60s','2023-02-12 14:00:00','2023-02-12 16:00:00','9E365BFE-DDC2-4296-83DF-B278A846207F',0);
INSERT INTO "Booking" VALUES ('B3E09A33-E8A3-4F59-A6A4-2C4354A50058','Thame United C','2023-01-07 14:00:00','2023-01-07 16:00:00','8F55B18E-368E-4DAD-9A56-1DF8C2731702',0);
INSERT INTO "Booking" VALUES ('3F3F7223-BE2B-41DA-A347-74C54DADF077','Football Party','2023-01-06 16:30:00','2023-01-06 17:30:00','FF4B08C8-DC9A-4F4A-9EC1-BADA343145B9',0);
INSERT INTO "Booking" VALUES ('91292E06-CA91-4F95-9B38-CE83248B7194','Bicester Town Vets v Woodley Utd','2023-01-04 19:45:00','2023-01-04 21:45:00','92C2DD82-38C9-4B1A-AACF-E9F207B9DD7A',0);
INSERT INTO "Booking" VALUES ('F1929DC5-80B4-4824-8DBC-59270C20DB5C','Football Party','2023-01-08 14:00:00','2023-01-08 15:00:00','FF4B08C8-DC9A-4F4A-9EC1-BADA343145B9',0);
INSERT INTO "Booking" VALUES ('44AB554B-793E-4D7F-BEC5-0052756B2305','Private Hire','2023-01-12 19:45:00','2023-01-12 21:45:00','92C2DD82-38C9-4B1A-AACF-E9F207B9DD7A',0);
INSERT INTO "Booking" VALUES ('79CD5EA2-FB64-4FA5-8B15-7944382BB4DC','Oxford Over 60s','2023-04-02 14:00:00','2023-04-02 16:00:00','9E365BFE-DDC2-4296-83DF-B278A846207F',0);
INSERT INTO "Booking" VALUES ('858C2D6C-F964-4BD5-A27D-5CD2EB154C00','Under 8''s','2023-01-15 09:00:00','2023-01-15 10:00:00','FF4B08C8-DC9A-4F4A-9EC1-BADA343145B9',0);
INSERT INTO "Booking" VALUES ('AC2D2321-DBAA-48EE-BE46-C73E118B8442','Under 16''s - Matt','2023-01-15 10:00:00','2023-01-15 11:00:00','FF4B08C8-DC9A-4F4A-9EC1-BADA343145B9',0);
INSERT INTO "Booking" VALUES ('A3C310AC-D640-4607-B5B7-9705BA3E52C7','Under 9''s','2023-01-15 11:00:00','2023-01-15 12:00:00','FF4B08C8-DC9A-4F4A-9EC1-BADA343145B9',0);
INSERT INTO "Booking" VALUES ('096DA2C9-B48B-4873-91A7-D8869F538651','Booked for potential senior games','2023-01-21 12:30:00','2023-01-21 17:00:00','9E365BFE-DDC2-4296-83DF-B278A846207F',0);
INSERT INTO "Booking" VALUES ('1BDFE893-F06A-4EC1-9D72-C0E64B1A37E6','Private Hire','2023-02-11 14:00:00','2023-02-11 15:00:00','FF4B08C8-DC9A-4F4A-9EC1-BADA343145B9',0);
INSERT INTO "Booking" VALUES ('1FADA8D8-B68D-4ED7-AAB9-B06951E121E0','U12 Panthers','2023-01-22 10:00:00','2023-01-22 11:00:00','FF4B08C8-DC9A-4F4A-9EC1-BADA343145B9',0);
INSERT INTO "Booking" VALUES ('033BE58B-6471-43A0-85BF-7E9785DD67E0','Under 8''s','2023-01-22 09:00:00','2023-01-22 10:00:00','FF4B08C8-DC9A-4F4A-9EC1-BADA343145B9',0);
INSERT INTO "Booking" VALUES ('5F060D25-F537-4F39-A47E-21395A2FDF6B','Under 12 Panthers','2023-01-29 10:00:00','2023-01-29 11:00:00','FF4B08C8-DC9A-4F4A-9EC1-BADA343145B9',0);
INSERT INTO "Booking" VALUES ('18A5752B-A859-40A3-A4C5-61931C132788','Private Booking','2023-02-04 14:00:00','2023-02-04 15:00:00','FF4B08C8-DC9A-4F4A-9EC1-BADA343145B9',0);
INSERT INTO "Booking" VALUES ('62F460B0-533C-46F9-ACB8-D074B5AA6019','Under 12''s Red','2023-01-29 11:00:00','2023-01-29 12:00:00','FF4B08C8-DC9A-4F4A-9EC1-BADA343145B9',0);
INSERT INTO "Booking" VALUES ('07E241DC-07A0-4A49-A69D-A77E217E15EB','Private Hire','2023-03-05 14:00:00','2023-03-05 15:00:00','8F55B18E-368E-4DAD-9A56-1DF8C2731702',0);
INSERT INTO "Booking" VALUES ('65778255-33A5-45E1-A197-F94186D95FD6','Thame United v Hertford Town','2023-02-25 15:45:00','2023-02-25 17:45:00','A37DBD57-1722-4F2A-91A3-AF141BB2029C',0);
INSERT INTO "Booking" VALUES ('0B2D7899-1C6D-4B0E-9828-7A753031A383','Private Hire','2023-02-24 13:30:00','2023-02-24 14:30:00','FF4B08C8-DC9A-4F4A-9EC1-BADA343145B9',0);
INSERT INTO "Booking" VALUES ('53CC4CD5-92FF-4411-B546-42D4F248A934','Private Hire Football Party','2023-02-26 14:00:00','2023-02-26 15:00:00','FF4B08C8-DC9A-4F4A-9EC1-BADA343145B9',0);
INSERT INTO "Booking" VALUES ('7599C76B-80AD-4AE5-955A-329C148EE5E2','U10 Friendly','2023-02-26 15:00:00','2023-02-26 16:00:00','9E365BFE-DDC2-4296-83DF-B278A846207F',0);
INSERT INTO "Booking" VALUES ('C8452B82-D2D3-49EF-996A-A931E86E1E8D','Private Hire','2023-03-07 18:00:00','2023-03-07 20:00:00','92C2DD82-38C9-4B1A-AACF-E9F207B9DD7A',0);
INSERT INTO "Booking" VALUES ('F4149875-0D33-4145-82E5-A1E5ABF046E9','Private Hire 050s cup finals','2023-04-30 13:00:00','2023-04-30 18:00:00','9E365BFE-DDC2-4296-83DF-B278A846207F',0);
INSERT INTO "Booking" VALUES ('B8567206-70FD-4DD6-9A35-8F29E134B201','Private Hire','2023-04-23 14:00:00','2023-04-23 15:00:00','9E365BFE-DDC2-4296-83DF-B278A846207F',0);
INSERT INTO "Booking" VALUES ('97C9A144-1F59-4FD6-8883-C538D600369D','Private Hire','2023-05-21 14:00:00','2023-05-21 16:00:00','9E365BFE-DDC2-4296-83DF-B278A846207F',0);
INSERT INTO "Booking" VALUES ('798BE5B7-2FA2-4B39-8932-054E7DCFD725','Cup Final','2023-05-21 09:00:00','2023-05-21 14:00:00','A37DBD57-1722-4F2A-91A3-AF141BB2029C',0);
INSERT INTO "Booking" VALUES ('A044F081-260A-4368-A07A-5CE56730ADEA','Private Hire','2023-05-20 14:00:00','2023-05-20 15:30:00','FF4B08C8-DC9A-4F4A-9EC1-BADA343145B9',0);
INSERT INTO "Booking" VALUES ('3776CBA8-6D1E-49D8-ADCE-254EBA90EF29','Football Party','2023-05-21 14:00:00','2023-05-21 15:00:00','FF4B08C8-DC9A-4F4A-9EC1-BADA343145B9',0);
INSERT INTO "Booking" VALUES ('73328671-F174-4861-82E2-AA34F35F9E8B','Private Hire','2023-05-07 09:30:00','2023-05-07 11:00:00','92C2DD82-38C9-4B1A-AACF-E9F207B9DD7A',0);
INSERT INTO "Booking" VALUES ('6D077CC1-92BE-4BEA-9B1D-FC40AE7C4DAE','Private Hire','2023-05-17 19:00:00','2023-05-17 22:00:00','9E365BFE-DDC2-4296-83DF-B278A846207F',0);
INSERT INTO "Booking" VALUES ('D9BCC411-165A-4716-955F-055B58B4C757','Private Hire','2023-05-07 09:00:00','2023-05-07 11:00:00','9E365BFE-DDC2-4296-83DF-B278A846207F',0);
INSERT INTO "Booking" VALUES ('9ECFA793-2867-4E9B-98E1-5483C9C0E332','Private Hire','2023-05-16 19:00:00','2023-05-16 21:00:00','A37DBD57-1722-4F2A-91A3-AF141BB2029C',0);
INSERT INTO "Booking" VALUES ('2EBA301A-F39A-4629-B166-E310FB048332','Private Hire','2023-06-16 16:00:00','2023-06-16 17:15:00','FF4B08C8-DC9A-4F4A-9EC1-BADA343145B9',0);
INSERT INTO "Booking" VALUES ('A1654925-BA0E-4389-91F4-5C78400B3095','Under 12s Tournament','2023-07-08 08:00:00','2023-07-08 14:00:00','9E365BFE-DDC2-4296-83DF-B278A846207F',0);
INSERT INTO "Booking" VALUES ('07CC28DA-7D60-446D-A144-C9E96701EA68','Private Booking','2023-09-09 12:30:00','2023-10-14 18:30:00','9E365BFE-DDC2-4296-83DF-B278A846207F',1);
INSERT INTO "Booking" VALUES ('8EC6619B-8CBF-4E67-8913-479F8999095E','Private Booking','2023-10-28 12:30:00','2023-12-16 18:30:00','9E365BFE-DDC2-4296-83DF-B278A846207F',1);
INSERT INTO "Booking" VALUES ('A2765005-718C-4F12-8AE2-2BC2CB4D9325','JPL Hub','2024-01-06 12:30:00','2024-02-10 16:30:00','9E365BFE-DDC2-4296-83DF-B278A846207F',1);
INSERT INTO "Booking" VALUES ('7AC4CA13-2D42-4437-9A7B-EBF4535030C6','Private Booking','2024-02-24 12:30:00','2024-03-23 16:30:00','9E365BFE-DDC2-4296-83DF-B278A846207F',1);
INSERT INTO "Booking" VALUES ('BA8CABE3-0959-4EC0-9CA1-7363FA3EA430','Private Booking','2023-10-01 14:00:00','2023-10-01 17:00:00','A37DBD57-1722-4F2A-91A3-AF141BB2029C',0);
INSERT INTO "Booking" VALUES ('1C88D008-901C-4964-B399-5D6154249DFE','JPL','2023-08-12 10:00:00','2023-08-12 12:00:00','9E365BFE-DDC2-4296-83DF-B278A846207F',0);
INSERT INTO "Booking" VALUES ('3776371F-58E3-4A32-BFD3-4FFB5FB504B9','JPL','2023-08-20 12:00:00','2023-08-20 14:00:00','9E365BFE-DDC2-4296-83DF-B278A846207F',0);
INSERT INTO "Booking" VALUES ('3C3567BE-2989-4D81-BF38-5E30CF66C8BF','Private Booking','2023-08-20 14:00:00','2023-08-20 15:00:00','FF4B08C8-DC9A-4F4A-9EC1-BADA343145B9',0);
INSERT INTO "Booking" VALUES ('A9CCE28A-57AD-4371-AC87-D9351DED4637','Holiday Course','2023-08-21 09:00:00','2023-08-21 15:00:00','9E365BFE-DDC2-4296-83DF-B278A846207F',0);
INSERT INTO "Booking" VALUES ('B4F1202A-29F3-40C7-9A31-34D021C3BD19','Holiday Course','2023-08-22 09:00:00','2023-08-22 15:00:00','9E365BFE-DDC2-4296-83DF-B278A846207F',0);
INSERT INTO "Booking" VALUES ('14FD7304-72E9-41B8-8B87-C9826E7A9771','Private Hire','2023-08-23 19:30:00','2023-08-23 21:30:00','9E365BFE-DDC2-4296-83DF-B278A846207F',0);
INSERT INTO "Booking" VALUES ('05C579E8-056A-46E1-AD50-E9D570601E8A','JPL','2023-08-26 15:00:00','2023-08-26 17:00:00','9E365BFE-DDC2-4296-83DF-B278A846207F',0);
INSERT INTO "Booking" VALUES ('2D51D57F-6923-4BDE-99A7-B44A8A9BEE03','Holiday Course','2023-08-29 09:00:00','2023-08-09 15:00:00','9E365BFE-DDC2-4296-83DF-B278A846207F',0);
INSERT INTO "Booking" VALUES ('0BE36DBF-6BF9-465A-BB7D-881D2D73D72A','Holiday Course','2023-08-30 09:00:00','2023-08-30 15:00:00','9E365BFE-DDC2-4296-83DF-B278A846207F',0);
INSERT INTO "Booking" VALUES ('97F3B340-A158-4522-9872-5315A1D78662','Thame United Over 50s','2023-08-20 14:30:00','2023-08-20 16:30:00','9E365BFE-DDC2-4296-83DF-B278A846207F',0);
INSERT INTO "Booking" VALUES ('D54D511D-A656-4B44-8693-083559EC7C0A','Private Booking','2023-09-03 14:00:00','2023-09-03 15:00:00','FF4B08C8-DC9A-4F4A-9EC1-BADA343145B9',0);
INSERT INTO "Booking" VALUES ('151005AD-439C-4946-886C-6378423D70AF','Under 14s Rob/Andy','2023-09-03 11:00:00','2023-09-03 13:00:00','9E365BFE-DDC2-4296-83DF-B278A846207F',0);
INSERT INTO "Booking" VALUES ('51C71976-06E9-49F3-9BB6-35E87D82852D','Under 12s - Nick','2023-08-20 10:00:00','2023-08-20 11:00:00','FF4B08C8-DC9A-4F4A-9EC1-BADA343145B9',0);
INSERT INTO "Booking" VALUES ('C55ED12F-A120-4DB1-9CC1-926941972E94','Private Booking','2023-08-21 18:00:00','2024-06-24 21:00:00','FF4B08C8-DC9A-4F4A-9EC1-BADA343145B9',1);
INSERT INTO "Booking" VALUES ('183DD8E2-A084-4D47-B253-DE5D143B1A3E','Private Booking','2023-08-22 17:00:00','2023-12-26 18:00:00','FF4B08C8-DC9A-4F4A-9EC1-BADA343145B9',1);
INSERT INTO "Booking" VALUES ('1CE606EF-6765-4BFE-AD3F-BB65232F03C5','Private Hire','2023-11-05 14:00:00','2023-11-05 15:30:00','9E365BFE-DDC2-4296-83DF-B278A846207F',0);
INSERT INTO "Booking" VALUES ('E4D2D93E-9C6C-4C3F-A7AE-76782FEE6D1A','Under 8''s','2023-11-05 10:00:00','2023-11-05 11:00:00','FF4B08C8-DC9A-4F4A-9EC1-BADA343145B9',0);
INSERT INTO "Booking" VALUES ('FC6D3775-DCF6-45F1-AFB7-A4DEEEB33621','Private Booking','2023-11-05 14:00:00','2023-11-05 15:00:00','FF4B08C8-DC9A-4F4A-9EC1-BADA343145B9',0);
INSERT INTO "Booking" VALUES ('6E7FADAA-E893-46BE-99F2-F63F7A049582','Private Hire','2023-11-17 19:00:00','2023-11-17 21:00:00','92C2DD82-38C9-4B1A-AACF-E9F207B9DD7A',0);
INSERT INTO "Booking" VALUES ('4C0DB468-25AC-42B9-950E-974DB6D17A91','Private Booking','2023-11-17 13:00:00','2023-11-17 17:00:00','FF4B08C8-DC9A-4F4A-9EC1-BADA343145B9',0);
INSERT INTO "Booking" VALUES ('865C720F-95E4-4365-9BF1-3EAF1420908D','Vets Games','2023-11-08 19:00:00','2023-11-08 22:00:00','9E365BFE-DDC2-4296-83DF-B278A846207F',0);
INSERT INTO "Booking" VALUES ('554D3E66-1577-4DF9-9751-9E9C18FFDC43','Vets Games','2023-11-08 19:00:00','2023-11-08 22:00:00','92C2DD82-38C9-4B1A-AACF-E9F207B9DD7A',0);
INSERT INTO "Booking" VALUES ('BC4CA9DC-6D85-4076-A1D6-7D5F6828A596','Private Booking','2023-11-09 18:30:00','2023-11-09 20:30:00','92C2DD82-38C9-4B1A-AACF-E9F207B9DD7A',0);
INSERT INTO "Booking" VALUES ('FAA249FF-9E58-4243-8192-3220AB620A39','Over 50s Cup Finals','2024-04-28 13:00:00','2024-04-28 18:30:00','9E365BFE-DDC2-4296-83DF-B278A846207F',0);
INSERT INTO "Booking" VALUES ('53C1EEF3-1C09-4712-B12E-546976BB3D75','Over 60s Cup Final','2024-04-28 13:30:00','2024-04-28 16:00:00','92C2DD82-38C9-4B1A-AACF-E9F207B9DD7A',0);
INSERT INTO "Booking" VALUES ('F8A2A39F-69F7-45B2-AD58-2A4A8065FFA7','Private Booking','2024-02-04 14:30:00','2024-02-04 16:30:00','9E365BFE-DDC2-4296-83DF-B278A846207F',0);
INSERT INTO "Booking" VALUES ('4AD8925A-A964-4BF0-8B7B-FF6053ADC7C3','JPL Game','2024-02-17 12:00:00','2024-02-17 13:00:00','9E365BFE-DDC2-4296-83DF-B278A846207F',0);
INSERT INTO "Booking" VALUES ('7CA7FC73-07F4-4870-A4C7-06603461CD35','JPL Hub','2024-04-06 12:30:00','2024-04-27 16:30:00','9E365BFE-DDC2-4296-83DF-B278A846207F',1);
INSERT INTO "Booking" VALUES ('080512A4-F2FF-4B50-9FC8-E6006B8A0BE1','Goring Over 60s','2024-04-07 12:00:00','2024-04-07 14:00:00','9E365BFE-DDC2-4296-83DF-B278A846207F',0);
INSERT INTO "Booking" VALUES ('08F9827F-9259-4356-8304-3893B4406CFC','Private Booking','2024-04-02 15:30:00','2024-04-02 16:30:00','FF4B08C8-DC9A-4F4A-9EC1-BADA343145B9',0);
INSERT INTO "Booking" VALUES ('BC1B3339-2206-4A7F-8B10-7EF27A7AEE06','Oxford Mail Girls Finals','2024-05-11 08:00:00','2024-05-11 18:00:00','A37DBD57-1722-4F2A-91A3-AF141BB2029C',0);
INSERT INTO "Booking" VALUES ('75C106FA-43BB-4896-B6FE-24F09EAEB249','Oxford Mail Girls Finals','2024-05-11 08:00:00','2024-05-11 18:00:00','8F55B18E-368E-4DAD-9A56-1DF8C2731702',0);
INSERT INTO "Booking" VALUES ('2037A2A0-268C-44D0-8440-4D7F6C733E84','Oxford Mail Girls Finals','2024-05-11 08:00:00','2024-05-11 18:00:00','7CA8CB22-4B34-4C53-AEAE-D15ECEEECAA1',0);
INSERT INTO "Booking" VALUES ('5AA0C794-4895-4346-931A-FF029DEC96DA','Oxford Mail Girls Finals','2024-05-11 08:00:00','2024-05-11 18:00:00','92C2DD82-38C9-4B1A-AACF-E9F207B9DD7A',0);
INSERT INTO "Booking" VALUES ('037177E6-C76A-4E70-971F-F73DFBCF6829','Oxford Mail Girls Finals','2024-05-11 08:00:00','2024-05-11 18:00:00','9E365BFE-DDC2-4296-83DF-B278A846207F',0);
INSERT INTO "Booking" VALUES ('E185D259-F3DA-49A1-AB45-190EF8751FEC','Oxford Mail Girls Finals','2024-05-11 08:00:00','2024-05-11 18:00:00','FF4B08C8-DC9A-4F4A-9EC1-BADA343145B9',0);
INSERT INTO "Booking" VALUES ('DC3685E8-3FF3-4036-AACB-10BB3396D786','Oxford Mail Girls Finals','2024-05-11 08:00:00','2024-05-11 18:00:00','B89084D2-1095-428C-BC52-885F2B207C1B',0);
INSERT INTO "Booking" VALUES ('5D93AD4F-B5E5-4E6C-8563-75D19F2B7DD0','Finals','2024-04-28 09:00:00','2024-04-28 18:00:00','A37DBD57-1722-4F2A-91A3-AF141BB2029C',0);
INSERT INTO "Booking" VALUES ('EE372027-3D7B-455B-9992-B5CC6C8902AA','ADL Final','2024-05-04 14:00:00','2024-05-04 16:00:00','92C2DD82-38C9-4B1A-AACF-E9F207B9DD7A',0);
INSERT INTO "Booking" VALUES ('9730DB0A-878C-4A4A-B63B-D39F1C3DBF57','Glove Glu','2024-05-24 10:00:00','2024-05-24 12:00:00','9E365BFE-DDC2-4296-83DF-B278A846207F',0);
INSERT INTO "Booking" VALUES ('99B16784-BE31-4185-BFA3-BD0A740EF626','Glove Glu','2024-05-24 13:30:00','2024-05-24 15:30:00','9E365BFE-DDC2-4296-83DF-B278A846207F',0);
INSERT INTO "Booking" VALUES ('2BBB1189-AAC4-4BC0-ACFB-40E16140A653','Glove Glu','2024-05-25 10:00:00','2024-05-25 12:00:00','FF4B08C8-DC9A-4F4A-9EC1-BADA343145B9',0);
INSERT INTO "Booking" VALUES ('8C1FFD5C-B39B-4255-ABD3-5988EA264D71','Glove Glu','2024-05-25 13:30:00','2024-05-25 17:30:00','9E365BFE-DDC2-4296-83DF-B278A846207F',0);
INSERT INTO "Booking" VALUES ('7C2FBAB9-C46C-4964-81F2-096C8E92D360','Glove Glu','2024-05-26 10:00:00','2024-05-26 17:00:00','9E365BFE-DDC2-4296-83DF-B278A846207F',0);
INSERT INTO "Booking" VALUES ('DEF1EB1D-7C1F-40B7-80AC-376965ADAE0D','Glove Glu','2024-06-14 10:00:00','2024-06-14 18:00:00','9E365BFE-DDC2-4296-83DF-B278A846207F',0);
INSERT INTO "Booking" VALUES ('F8B47F5E-B6F7-45D0-8F3E-8514AE73B025','Glove Glu','2024-06-15 10:00:00','2024-06-15 18:00:00','9E365BFE-DDC2-4296-83DF-B278A846207F',0);
INSERT INTO "Booking" VALUES ('3536AE4C-CCA2-43C7-BFB4-E84D16BFD9D0','Glove Glu','2024-06-16 10:00:00','2024-06-16 18:00:00','9E365BFE-DDC2-4296-83DF-B278A846207F',0);
INSERT INTO "Booking" VALUES ('D79A27D2-D515-4733-B3B6-0A6EFAD60BAE','Glove Glu','2024-06-22 10:00:00','2024-06-22 18:00:00','9E365BFE-DDC2-4296-83DF-B278A846207F',0);
INSERT INTO "Booking" VALUES ('1106B175-2504-498B-89F8-362ED47A13A8','Glove Glu','2024-06-23 10:00:00','2024-06-23 18:00:00','9E365BFE-DDC2-4296-83DF-B278A846207F',0);
INSERT INTO "Booking" VALUES ('55FFC4C6-99CC-42EA-9799-A4613CA345D2','Thame Utd Pre season','2024-06-29 14:30:00','2024-06-29 17:30:00','9E365BFE-DDC2-4296-83DF-B278A846207F',0);
INSERT INTO "Booking" VALUES ('1D9A8AE6-B212-41E4-ABC4-8AD8177F1D0B','Mens Tournament','2024-06-30 09:00:00','2024-06-30 18:00:00','9E365BFE-DDC2-4296-83DF-B278A846207F',0);
INSERT INTO "Booking" VALUES ('F53226AE-20C9-493E-81F2-EFCAF4AC10C9','Thame Utd Pre season','2024-07-06 14:30:00','2024-07-06 17:30:00','9E365BFE-DDC2-4296-83DF-B278A846207F',0);
INSERT INTO "Booking" VALUES ('A29E4F97-F16E-429D-9BFD-D3DA74D65433','Thame Utd Pre season','2024-07-13 14:30:00','2024-07-13 17:30:00','9E365BFE-DDC2-4296-83DF-B278A846207F',0);
INSERT INTO "Booking" VALUES ('C691EFD1-6819-46F5-97A8-D1559FDA71F7','Thame Utd Pre season','2024-07-20 14:30:00','2024-07-20 17:30:00','9E365BFE-DDC2-4296-83DF-B278A846207F',0);
INSERT INTO "Booking" VALUES ('51DFC717-F5FC-4AD6-98B5-84F7481C2F09','Thame Utd Pre season','2024-07-27 14:30:00','2024-07-27 17:30:00','9E365BFE-DDC2-4296-83DF-B278A846207F',0);
INSERT INTO "Booking" VALUES ('FBC75E89-9F00-4DD3-9AB4-4EE97C1667AC','Vets Games','2024-05-01 19:00:00','2024-05-01 22:00:00','9E365BFE-DDC2-4296-83DF-B278A846207F',0);
INSERT INTO "Booking" VALUES ('7212DDE2-3D88-4B0B-BFA8-88CEA7A6230A','Vets Game ','2024-05-01 20:30:00','2024-05-01 22:00:00','92C2DD82-38C9-4B1A-AACF-E9F207B9DD7A',0);
INSERT INTO "Booking" VALUES ('E7F5053E-8E37-4A1C-84AE-79223915A1E1','School Booking','2024-05-01 13:00:00','2024-05-01 15:15:00','9E365BFE-DDC2-4296-83DF-B278A846207F',0);
INSERT INTO "Booking" VALUES ('E3ABC02E-9B2D-4EC5-A000-39BB82024F85','Finals','2024-05-03 19:30:00','2024-05-03 21:30:00','A37DBD57-1722-4F2A-91A3-AF141BB2029C',0);
INSERT INTO "Booking" VALUES ('72934A3B-F1E1-4E5C-B6F5-FF7BA7834AEF','Crendon','2024-05-04 13:30:00','2024-05-04 15:30:00','8F55B18E-368E-4DAD-9A56-1DF8C2731702',0);
INSERT INTO "Booking" VALUES ('FF69A1E7-54AD-4967-B8BC-EC8C99736FF8','Bucks Girls Finals','2024-05-04 08:00:00','2024-05-04 13:00:00','A37DBD57-1722-4F2A-91A3-AF141BB2029C',0);
INSERT INTO "Booking" VALUES ('EE26D979-61BC-4079-B983-626FE59F3CFD','Wycombe & South Bucks Finals','2024-05-05 09:00:00','2024-05-05 19:00:00','A37DBD57-1722-4F2A-91A3-AF141BB2029C',0);
INSERT INTO "Booking" VALUES ('3DD3581B-E477-499E-8B4C-AEB37A9065FE','Festival of Football','2024-06-08 09:00:00','2024-06-09 18:00:00','9E365BFE-DDC2-4296-83DF-B278A846207F',0);
INSERT INTO "Booking" VALUES ('29034808-CBF4-496D-96AB-E1E7BE333ADE','Festival of Football','2024-06-08 09:00:00','2024-06-09 18:00:00','92C2DD82-38C9-4B1A-AACF-E9F207B9DD7A',0);
INSERT INTO "Booking" VALUES ('E15FF8C7-C560-4FD4-8EB2-DFD0C0DADB87','Festival of Football','2024-06-08 09:00:00','2024-06-09 18:00:00','7CA8CB22-4B34-4C53-AEAE-D15ECEEECAA1',0);
INSERT INTO "Booking" VALUES ('8303AF1E-3C7A-4256-92DC-DD403792DD0E','Festival of Football','2024-06-08 09:00:00','2024-06-09 18:00:00','8F55B18E-368E-4DAD-9A56-1DF8C2731702',0);
INSERT INTO "Booking" VALUES ('67F9FC06-BAF9-48E9-B46A-5CF9B51721A7','Festival of Football','2024-06-08 09:00:00','2024-06-09 18:00:00','A37DBD57-1722-4F2A-91A3-AF141BB2029C',0);
INSERT INTO "Booking" VALUES ('F525F536-64F6-416B-9F20-BDFA3D422E46','Festival of Football','2024-06-08 09:00:00','2024-06-09 18:00:00','FF4B08C8-DC9A-4F4A-9EC1-BADA343145B9',0);
INSERT INTO "Booking" VALUES ('54211035-28DA-470E-96C6-861FAE45FC37','Festival of Football','2024-06-08 09:00:00','2024-06-09 18:00:00','B89084D2-1095-428C-BC52-885F2B207C1B',0);
INSERT INTO "Booking" VALUES ('D394EF6F-EB06-42B0-920B-21062DE4A0CA','Festival of Football','2024-06-07 09:00:00','2024-06-07 23:59:00','9E365BFE-DDC2-4296-83DF-B278A846207F',0);
INSERT INTO "Booking" VALUES ('2013E20E-2074-499C-83EC-2A0A82365154','U13s Tournament','2024-06-29 09:00:00','2024-06-29 13:00:00','9E365BFE-DDC2-4296-83DF-B278A846207F',0);
INSERT INTO "Booking" VALUES ('15A9EAC7-721E-424C-8713-0637833ECDA2','Vets Games','2024-05-15 19:00:00','2024-05-15 22:00:00','9E365BFE-DDC2-4296-83DF-B278A846207F',0);
INSERT INTO "Booking" VALUES ('670BDF2B-C95C-4FC9-BDA7-D99FB1E148B2','Vets Games','2024-05-22 19:00:00','2024-05-22 22:00:00','9E365BFE-DDC2-4296-83DF-B278A846207F',0);
INSERT INTO "Booking" VALUES ('1E300679-577C-47E1-8786-EC9DAEEF18B1','Private Hire','2024-05-29 19:00:00','2024-05-29 21:30:00','9E365BFE-DDC2-4296-83DF-B278A846207F',0);
INSERT INTO "Booking" VALUES ('966F09C3-E49C-4344-A9F1-C0C76E810701','Private Hire','2024-05-28 15:00:00','2024-05-28 16:00:00','FF4B08C8-DC9A-4F4A-9EC1-BADA343145B9',0);
INSERT INTO "FixtureAlloctation" VALUES ('145B9A0E-5E93-4CF6-9107-601741B3FC38','005FBCC1-31EA-4F9F-A687-3DCA905FE695','9E365BFE-DDC2-4296-83DF-B278A846207F',NULL,'2024-09-01 14:00:00','02:00:00',1);
INSERT INTO "FixtureAlloctation" VALUES ('3E3CDFAA-4404-4060-AFDE-3EB9B917F11E','F8904C17-D49C-40A8-A1E8-FF84F4661DF8','7CA8CB22-4B34-4C53-AEAE-D15ECEEECAA1',NULL,'2024-09-07 11:00:00','01:30:00',1);
INSERT INTO "FixtureAlloctation" VALUES ('683DC4C7-9A36-4537-ADB4-2F4C53A84694','E1E95E86-7FF8-4457-A4DD-9BC57D1EEC41','7CA8CB22-4B34-4C53-AEAE-D15ECEEECAA1',NULL,'2024-09-07 09:30:00','01:30:00',1);
INSERT INTO "FixtureAlloctation" VALUES ('2C2011E2-810C-472E-BBD6-3409164B4FFF','08EBA07A-4F99-45CD-A6C6-B14B15B8AE24','7CA8CB22-4B34-4C53-AEAE-D15ECEEECAA1',NULL,'2024-09-07 12:30:00','01:30:00',1);
INSERT INTO "FixtureAlloctation" VALUES ('D5CA4E58-E561-43A7-8CA6-91AE50D6A8B6','2E4A4267-CA3D-4AE1-9C02-6FBDDAFFE63C','8F55B18E-368E-4DAD-9A56-1DF8C2731702',NULL,'2024-09-07 11:00:00','01:30:00',1);
INSERT INTO "FixtureAlloctation" VALUES ('5F44CC53-B81C-4D7E-AC28-875D9D99262B','3EB4D7A9-BBF2-4E19-B54A-948176EA5E41','92C2DD82-38C9-4B1A-AACF-E9F207B9DD7A',NULL,'2024-09-07 09:30:00','01:45:00',1);
INSERT INTO "FixtureAlloctation" VALUES ('A22F6256-7389-4DBC-A4DC-0B7B3CC79F06','CF59F5AA-19CF-4AB3-B8A3-AA81CEF55D63','B89084D2-1095-428C-BC52-885F2B207C1B',NULL,'2024-09-08 09:30:00','01:30:00',1);
INSERT INTO "FixtureAlloctation" VALUES ('E191EF10-F7A1-49E6-BC70-8E9F2207670A','8FF2BB32-FEC0-4F29-BF8F-3757862B10D9','9E365BFE-DDC2-4296-83DF-B278A846207F',NULL,'2024-09-08 09:30:00','01:30:00',1);
INSERT INTO "FixtureAlloctation" VALUES ('66059291-9C64-4F63-92DE-10CE0CF26570','C5985EB2-28C1-4F9D-BFDB-B7BF978DA717','9E365BFE-DDC2-4296-83DF-B278A846207F',NULL,'2024-09-08 09:30:00','01:30:00',1);
INSERT INTO "FixtureAlloctation" VALUES ('FC52DABF-26E1-4E62-BF1B-4D6D3F3C9ACE','B83BE322-03C5-49FA-9677-CCEC6F49B3EE','7CA8CB22-4B34-4C53-AEAE-D15ECEEECAA1',NULL,'2024-09-08 09:30:00','01:30:00',1);
INSERT INTO "FixtureAlloctation" VALUES ('8101301F-F696-4CC5-87D6-9E8D9030D82B','4646BEAC-56E6-422C-8ABC-7A8888DB11F1','7CA8CB22-4B34-4C53-AEAE-D15ECEEECAA1',NULL,'2024-09-08 11:00:00','01:30:00',1);
INSERT INTO "FixtureAlloctation" VALUES ('E0A0BA89-9D99-4AA5-914A-C07E4D02387F','C9A1E5D8-B9A9-4F90-A7DA-76BA6F3C01B2','8F55B18E-368E-4DAD-9A56-1DF8C2731702',NULL,'2024-09-08 09:30:00','01:30:00',1);
INSERT INTO "FixtureAlloctation" VALUES ('D71C4B62-D508-4854-AF90-04B12FE0CC57','9B65B472-C287-493B-B6A9-C74011CA2A40','8F55B18E-368E-4DAD-9A56-1DF8C2731702',NULL,'2024-09-08 11:00:00','01:30:00',1);
INSERT INTO "FixtureAlloctation" VALUES ('DB742B37-4D2C-4189-8660-BD5976605301','8073EF07-2B33-44A8-ABA5-973213E13143','92C2DD82-38C9-4B1A-AACF-E9F207B9DD7A',NULL,'2024-09-08 09:30:00','01:30:00',1);
INSERT INTO "FixtureAlloctation" VALUES ('9AE089D3-A3FC-4D12-9727-7211A2015E80','7F1BDE2D-7257-4937-8F76-3952A791F132','9E365BFE-DDC2-4296-83DF-B278A846207F',NULL,'2024-09-08 14:00:00','02:00:00',1);
INSERT INTO "FixtureAlloctation" VALUES ('A6934FBB-B437-43E2-9D69-34A288E3AE4B','75ADA3CE-2EB7-4EEC-BABD-2F959BBABC5D','92C2DD82-38C9-4B1A-AACF-E9F207B9DD7A',NULL,'2024-09-07 11:30:00','02:00:00',1);
INSERT INTO "FixtureAlloctation" VALUES ('2AC2FA1A-DFD7-453E-81DE-DB6F564CF5BE','4570BFD4-DF65-4342-A856-599F2E01D462','B89084D2-1095-428C-BC52-885F2B207C1B',NULL,'2024-09-15 11:00:00','01:30:00',0);
INSERT INTO "FixtureAlloctation" VALUES ('48F5B415-DAD2-416D-850D-31E639D48B8B','19F911A6-11FC-4252-AA06-E2C05B344E71','B89084D2-1095-428C-BC52-885F2B207C1B',NULL,'2024-09-15 09:30:00','01:30:00',0);
INSERT INTO "FixtureAlloctation" VALUES ('06497463-D46F-46FA-9237-BB5C91CE2F08','30F9D0A9-64A7-451E-BB19-BE0D6DA1F546','B89084D2-1095-428C-BC52-885F2B207C1B',NULL,'2024-09-15 12:30:00','01:30:00',0);
INSERT INTO "FixtureAlloctation" VALUES ('B90444F7-CE17-4502-BF22-2E7A7AA2B840','A25F1876-7A29-40D0-A2F6-F8CCA92DA808','9E365BFE-DDC2-4296-83DF-B278A846207F',NULL,'2024-09-15 09:30:00','01:30:00',0);
INSERT INTO "FixtureAlloctation" VALUES ('A226E1E7-E58B-4C14-B88A-F1E141AA8B31','180B01BC-8F8C-4342-BE81-F4395F1B0AB3','9E365BFE-DDC2-4296-83DF-B278A846207F',NULL,'2024-09-15 11:00:00','01:30:00',0);
INSERT INTO "FixtureAlloctation" VALUES ('6B610225-FE73-407D-84AE-601D794896BB','D52E5321-D51B-4CA1-821A-58EC49E936F8','7CA8CB22-4B34-4C53-AEAE-D15ECEEECAA1',NULL,'2024-09-15 09:30:00','01:30:00',0);
INSERT INTO "FixtureAlloctation" VALUES ('D7838196-6E4F-4AE6-8BF1-20F402BC8D29','70710A5A-2503-49AD-8777-F3971F80C3EB','7CA8CB22-4B34-4C53-AEAE-D15ECEEECAA1',NULL,'2024-09-15 11:00:00','01:30:00',0);
INSERT INTO "FixtureAlloctation" VALUES ('E203767C-12CE-495B-8C63-E3322E21424B','98273DAE-ABAE-46DF-905F-49D10DAD1583','9E365BFE-DDC2-4296-83DF-B278A846207F',NULL,'2024-09-15 15:00:00','02:00:00',0);
INSERT INTO "FixtureAlloctation" VALUES ('56C44201-84BC-4109-AC23-69C627DE3E6F','730E867F-5A2D-4D05-B102-850C7339AE63','8F55B18E-368E-4DAD-9A56-1DF8C2731702',NULL,'2024-09-15 09:30:00','01:30:00',0);
INSERT INTO "FixtureAlloctation" VALUES ('6D82221E-BAE1-4C25-95CB-E992DDD45298','623F93EE-35AC-4D22-B81A-4790292D698B','8F55B18E-368E-4DAD-9A56-1DF8C2731702',NULL,'2024-09-15 11:00:00','01:30:00',0);
INSERT INTO "FixtureAlloctation" VALUES ('42D4A871-9B71-4F3D-9F02-F3B923EA0F43','FBD06EEC-D793-486A-8900-0F79B9A8897E','8F55B18E-368E-4DAD-9A56-1DF8C2731702',NULL,'2024-09-15 12:30:00','01:30:00',0);
INSERT INTO "FixtureAlloctation" VALUES ('E8E36429-1EF4-435F-8B5F-FA9CA46FD29A','A782F8CD-BAE1-4AC9-99C6-3001E19DAFD5','92C2DD82-38C9-4B1A-AACF-E9F207B9DD7A',NULL,'2024-09-15 09:30:00','01:30:00',0);
INSERT INTO "FixtureAlloctation" VALUES ('3A609856-752F-4CD2-A181-0CA9E3FF4721','E5381DB7-E7CE-4014-9E14-5BFA747A9E79','92C2DD82-38C9-4B1A-AACF-E9F207B9DD7A',NULL,'2024-09-15 11:00:00','01:30:00',0);
INSERT INTO "FixtureAlloctation" VALUES ('1E0FAAEF-1CBE-40E0-A69A-20999DCD3489','C93E86C1-1370-40DE-B23B-8E2BE72F3BC7','92C2DD82-38C9-4B1A-AACF-E9F207B9DD7A',NULL,'2024-09-15 12:30:00','01:30:00',0);
INSERT INTO "FixtureAlloctation" VALUES ('E26DAAA2-552B-435D-84CA-FC581A168C47','BE557C5B-FD91-4C22-8A4A-9517C6351ACF','A37DBD57-1722-4F2A-91A3-AF141BB2029C',NULL,'2024-09-15 14:00:00','02:00:00',0);
INSERT INTO "FixtureAlloctation" VALUES ('D0D2B415-0F45-42B6-A09E-35CA117706E0','8D15E65A-3C8A-4145-9A14-AAA9B35C8792','9E365BFE-DDC2-4296-83DF-B278A846207F',NULL,'2024-09-15 12:30:00','02:00:00',0);
INSERT INTO "FixtureAlloctation" VALUES ('CDAA59FF-5612-4B95-AF58-9FAC532BA0DF','1412123A-B280-401A-8DDF-6E901AD72B28','92C2DD82-38C9-4B1A-AACF-E9F207B9DD7A',NULL,'2024-09-15 14:30:00','02:00:00',0);
INSERT INTO "FixtureAlloctation" VALUES ('770AC90F-C6F2-4D3F-A0D5-1ADAEF57D88C','DC171278-F957-4E3F-9179-BD211BA68502','8F55B18E-368E-4DAD-9A56-1DF8C2731702',NULL,'2024-09-14 09:30:00','01:30:00',0);
INSERT INTO "FixtureAlloctation" VALUES ('D1851156-AA95-49AC-88D3-D51DABA28393','0260676D-381D-4904-BFEB-7EA0926999D2','7CA8CB22-4B34-4C53-AEAE-D15ECEEECAA1',NULL,'2024-09-14 09:30:00','01:30:00',0);
INSERT INTO "FixtureAlloctation" VALUES ('4AAA2C4F-BE62-4FF0-869C-43327D87527C','27045ADF-3881-4BA4-8029-2FE2C0B65377','8F55B18E-368E-4DAD-9A56-1DF8C2731702',NULL,'2024-09-14 11:00:00','01:30:00',0);
INSERT INTO "FixtureAlloctation" VALUES ('412DA38F-D794-470F-89CD-B8590DD50610','45E80342-6F12-404B-BAF3-E36FEED6AF31','92C2DD82-38C9-4B1A-AACF-E9F207B9DD7A',NULL,'2024-09-14 09:30:00','01:30:00',0);
INSERT INTO "FixtureAlloctation" VALUES ('B0B45766-5E2B-437A-95DF-E4557B7610DD','08B441E3-0E2E-4C66-81AA-DAF989E109B1','8F55B18E-368E-4DAD-9A56-1DF8C2731702',NULL,'2024-09-15 14:00:00','02:00:00',0);
INSERT INTO "FixtureAlloctation" VALUES ('09AE0D0E-C559-4379-8C4F-E16B0B725DC4','B68FF9BC-F71A-46E9-A840-811D3D68855F','92C2DD82-38C9-4B1A-AACF-E9F207B9DD7A',NULL,'2024-09-14 11:00:00','01:30:00',0);
INSERT INTO "FixtureAlloctation" VALUES ('3479E54B-F181-441D-9777-D2A5832E1172','8124899B-13CF-4C7B-9532-71CB9A87ED9B','8F55B18E-368E-4DAD-9A56-1DF8C2731702',NULL,'2024-09-14 12:30:00','01:45:00',0);
DROP INDEX IF EXISTS "IX_Fixture_TeamId";
CREATE INDEX IF NOT EXISTS "IX_Fixture_TeamId" ON "Fixture" (
	"TeamId"
);
DROP INDEX IF EXISTS "IX_TeamContact_PersonId";
CREATE INDEX IF NOT EXISTS "IX_TeamContact_PersonId" ON "TeamContact" (
	"PersonId"
);
DROP INDEX IF EXISTS "IX_TeamContact_TeamId";
CREATE INDEX IF NOT EXISTS "IX_TeamContact_TeamId" ON "TeamContact" (
	"TeamId"
);
DROP INDEX IF EXISTS "IX_FixtureAlloctation_FixtureId";
CREATE UNIQUE INDEX IF NOT EXISTS "IX_FixtureAlloctation_FixtureId" ON "FixtureAlloctation" (
	"FixtureId"
);
DROP INDEX IF EXISTS "IX_FixtureAlloctation_PitchId";
CREATE INDEX IF NOT EXISTS "IX_FixtureAlloctation_PitchId" ON "FixtureAlloctation" (
	"PitchId"
);
DROP INDEX IF EXISTS "IX_FixtureAlloctation_RefereeId";
CREATE INDEX IF NOT EXISTS "IX_FixtureAlloctation_RefereeId" ON "FixtureAlloctation" (
	"RefereeId"
);
COMMIT;
